,,,,,,,,,,,,,,,,,,,,,,,,,,,,,,,,,,,,,,,,,,,,,,,,,,,,,,,,,,,,,,,,,,,,,,,,,,,,,,,,,,,,,,,,,,,,,,,,,,,,,,,,,,,,,,,,,,,,,,,,,,,,,,,,,,,,,,,,,,,,,,,,,,,,,,,,,,,,,,,,,,,,,,,,,,,,,,,,,,,,,,,,,,,,,,,,,,,,,,,,,,,,,,,,,,,,,,,,,,,,,,,,,,,,,,,,,,,,,,,,,,,,,,,,,,,,,,,,,,,,,,,,,,,,,,,,,,,,,,,,,,,,,,,,,,,,,,,,,,,,,,,,,,,,,,,,,,,,,,,,,,,,,,,,,,,,,,,,,,,,,,,,,,,,,,,,,,,,,,,,,,,,,,,,,,,,,,,,,,,,,,,,,,,,,,,,,,,,,,,,,,,,,,,,,,,,,,,,,,,,,,,,,,,,,,,,,,,,,,,,,,,,,,,,,,,,,,,,,,,,,,,,,,,,,,,,,,,,,,,,,,,,,,,,,,,,,
Theme: Industry,,,,,,,,,,,,,,,,,,,,,,,,,,,,,,,,,,,,,,,,,,,,,,,,,,,,,,,,,,,,,,,,,,,,,,,,,,,,,,,,,,,,,,,,,,,,,,,,,,,,,,,,,,,,,,,,,,,,,,,,,,,,,,,,,,,,,,,,,,,,,,,,,,,,,,,,,,,,,,,,,,,,,,,,,,,,,,,,,,,,,,,,,,,,,,,,,,,,,,,,,,,,,,,,,,,,,,,,,,,,,,,,,,,,,,,,,,,,,,,,,,,,,,,,,,,,,,,,,,,,,,,,,,,,,,,,,,,,,,,,,,,,,,,,,,,,,,,,,,,,,,,,,,,,,,,,,,,,,,,,,,,,,,,,,,,,,,,,,,,,,,,,,,,,,,,,,,,,,,,,,,,,,,,,,,,,,,,,,,,,,,,,,,,,,,,,,,,,,,,,,,,,,,,,,,,,,,,,,,,,,,,,,,,,,,,,,,,,,,,,,,,,,,,,,,,,,,,,,,,,,,,,,,,,,,,,,,,,,,,,,,,,,,,,,,,,,
Subject: Services,,,,,,,,,,,,,,,,,,,,,,,,,,,,,,,,,,,,,,,,,,,,,,,,,,,,,,,,,,,,,,,,,,,,,,,,,,,,,,,,,,,,,,,,,,,,,,,,,,,,,,,,,,,,,,,,,,,,,,,,,,,,,,,,,,,,,,,,,,,,,,,,,,,,,,,,,,,,,,,,,,,,,,,,,,,,,,,,,,,,,,,,,,,,,,,,,,,,,,,,,,,,,,,,,,,,,,,,,,,,,,,,,,,,,,,,,,,,,,,,,,,,,,,,,,,,,,,,,,,,,,,,,,,,,,,,,,,,,,,,,,,,,,,,,,,,,,,,,,,,,,,,,,,,,,,,,,,,,,,,,,,,,,,,,,,,,,,,,,,,,,,,,,,,,,,,,,,,,,,,,,,,,,,,,,,,,,,,,,,,,,,,,,,,,,,,,,,,,,,,,,,,,,,,,,,,,,,,,,,,,,,,,,,,,,,,,,,,,,,,,,,,,,,,,,,,,,,,,,,,,,,,,,,,,,,,,,,,,,,,,,,,,,,,,,,,,
Topic: Retail Sales Index (RSI),,,,,,,,,,,,,,,,,,,,,,,,,,,,,,,,,,,,,,,,,,,,,,,,,,,,,,,,,,,,,,,,,,,,,,,,,,,,,,,,,,,,,,,,,,,,,,,,,,,,,,,,,,,,,,,,,,,,,,,,,,,,,,,,,,,,,,,,,,,,,,,,,,,,,,,,,,,,,,,,,,,,,,,,,,,,,,,,,,,,,,,,,,,,,,,,,,,,,,,,,,,,,,,,,,,,,,,,,,,,,,,,,,,,,,,,,,,,,,,,,,,,,,,,,,,,,,,,,,,,,,,,,,,,,,,,,,,,,,,,,,,,,,,,,,,,,,,,,,,,,,,,,,,,,,,,,,,,,,,,,,,,,,,,,,,,,,,,,,,,,,,,,,,,,,,,,,,,,,,,,,,,,,,,,,,,,,,,,,,,,,,,,,,,,,,,,,,,,,,,,,,,,,,,,,,,,,,,,,,,,,,,,,,,,,,,,,,,,,,,,,,,,,,,,,,,,,,,,,,,,,,,,,,,,,,,,,,,,,,,,,,,,,,,,,,,,
"Table Title: Retail Sales Index, (2025 = 100), At Current Prices, Monthly",,,,,,,,,,,,,,,,,,,,,,,,,,,,,,,,,,,,,,,,,,,,,,,,,,,,,,,,,,,,,,,,,,,,,,,,,,,,,,,,,,,,,,,,,,,,,,,,,,,,,,,,,,,,,,,,,,,,,,,,,,,,,,,,,,,,,,,,,,,,,,,,,,,,,,,,,,,,,,,,,,,,,,,,,,,,,,,,,,,,,,,,,,,,,,,,,,,,,,,,,,,,,,,,,,,,,,,,,,,,,,,,,,,,,,,,,,,,,,,,,,,,,,,,,,,,,,,,,,,,,,,,,,,,,,,,,,,,,,,,,,,,,,,,,,,,,,,,,,,,,,,,,,,,,,,,,,,,,,,,,,,,,,,,,,,,,,,,,,,,,,,,,,,,,,,,,,,,,,,,,,,,,,,,,,,,,,,,,,,,,,,,,,,,,,,,,,,,,,,,,,,,,,,,,,,,,,,,,,,,,,,,,,,,,,,,,,,,,,,,,,,,,,,,,,,,,,,,,,,,,,,,,,,,,,,,,,,,,,,,,,,,,,,,,,,,,
,,,,,,,,,,,,,,,,,,,,,,,,,,,,,,,,,,,,,,,,,,,,,,,,,,,,,,,,,,,,,,,,,,,,,,,,,,,,,,,,,,,,,,,,,,,,,,,,,,,,,,,,,,,,,,,,,,,,,,,,,,,,,,,,,,,,,,,,,,,,,,,,,,,,,,,,,,,,,,,,,,,,,,,,,,,,,,,,,,,,,,,,,,,,,,,,,,,,,,,,,,,,,,,,,,,,,,,,,,,,,,,,,,,,,,,,,,,,,,,,,,,,,,,,,,,,,,,,,,,,,,,,,,,,,,,,,,,,,,,,,,,,,,,,,,,,,,,,,,,,,,,,,,,,,,,,,,,,,,,,,,,,,,,,,,,,,,,,,,,,,,,,,,,,,,,,,,,,,,,,,,,,,,,,,,,,,,,,,,,,,,,,,,,,,,,,,,,,,,,,,,,,,,,,,,,,,,,,,,,,,,,,,,,,,,,,,,,,,,,,,,,,,,,,,,,,,,,,,,,,,,,,,,,,,,,,,,,,,,,,,,,,,,,,,,,,,
Data last updated: 05/03/2026,,,,,,,,,,,,,,,,,,,,,,,,,,,,,,,,,,,,,,,,,,,,,,,,,,,,,,,,,,,,,,,,,,,,,,,,,,,,,,,,,,,,,,,,,,,,,,,,,,,,,,,,,,,,,,,,,,,,,,,,,,,,,,,,,,,,,,,,,,,,,,,,,,,,,,,,,,,,,,,,,,,,,,,,,,,,,,,,,,,,,,,,,,,,,,,,,,,,,,,,,,,,,,,,,,,,,,,,,,,,,,,,,,,,,,,,,,,,,,,,,,,,,,,,,,,,,,,,,,,,,,,,,,,,,,,,,,,,,,,,,,,,,,,,,,,,,,,,,,,,,,,,,,,,,,,,,,,,,,,,,,,,,,,,,,,,,,,,,,,,,,,,,,,,,,,,,,,,,,,,,,,,,,,,,,,,,,,,,,,,,,,,,,,,,,,,,,,,,,,,,,,,,,,,,,,,,,,,,,,,,,,,,,,,,,,,,,,,,,,,,,,,,,,,,,,,,,,,,,,,,,,,,,,,,,,,,,,,,,,,,,,,,,,,,,,,,
Source: SINGAPORE DEPARTMENT OF STATISTICS,,,,,,,,,,,,,,,,,,,,,,,,,,,,,,,,,,,,,,,,,,,,,,,,,,,,,,,,,,,,,,,,,,,,,,,,,,,,,,,,,,,,,,,,,,,,,,,,,,,,,,,,,,,,,,,,,,,,,,,,,,,,,,,,,,,,,,,,,,,,,,,,,,,,,,,,,,,,,,,,,,,,,,,,,,,,,,,,,,,,,,,,,,,,,,,,,,,,,,,,,,,,,,,,,,,,,,,,,,,,,,,,,,,,,,,,,,,,,,,,,,,,,,,,,,,,,,,,,,,,,,,,,,,,,,,,,,,,,,,,,,,,,,,,,,,,,,,,,,,,,,,,,,,,,,,,,,,,,,,,,,,,,,,,,,,,,,,,,,,,,,,,,,,,,,,,,,,,,,,,,,,,,,,,,,,,,,,,,,,,,,,,,,,,,,,,,,,,,,,,,,,,,,,,,,,,,,,,,,,,,,,,,,,,,,,,,,,,,,,,,,,,,,,,,,,,,,,,,,,,,,,,,,,,,,,,,,,,,,,,,,,,,,,,,,,,,
,,,,,,,,,,,,,,,,,,,,,,,,,,,,,,,,,,,,,,,,,,,,,,,,,,,,,,,,,,,,,,,,,,,,,,,,,,,,,,,,,,,,,,,,,,,,,,,,,,,,,,,,,,,,,,,,,,,,,,,,,,,,,,,,,,,,,,,,,,,,,,,,,,,,,,,,,,,,,,,,,,,,,,,,,,,,,,,,,,,,,,,,,,,,,,,,,,,,,,,,,,,,,,,,,,,,,,,,,,,,,,,,,,,,,,,,,,,,,,,,,,,,,,,,,,,,,,,,,,,,,,,,,,,,,,,,,,,,,,,,,,,,,,,,,,,,,,,,,,,,,,,,,,,,,,,,,,,,,,,,,,,,,,,,,,,,,,,,,,,,,,,,,,,,,,,,,,,,,,,,,,,,,,,,,,,,,,,,,,,,,,,,,,,,,,,,,,,,,,,,,,,,,,,,,,,,,,,,,,,,,,,,,,,,,,,,,,,,,,,,,,,,,,,,,,,,,,,,,,,,,,,,,,,,,,,,,,,,,,,,,,,,,,,,,,,,,
,,,,,,,,,,,,,,,,,,,,,,,,,,,,,,,,,,,,,,,,,,,,,,,,,,,,,,,,,,,,,,,,,,,,,,,,,,,,,,,,,,,,,,,,,,,,,,,,,,,,,,,,,,,,,,,,,,,,,,,,,,,,,,,,,,,,,,,,,,,,,,,,,,,,,,,,,,,,,,,,,,,,,,,,,,,,,,,,,,,,,,,,,,,,,,,,,,,,,,,,,,,,,,,,,,,,,,,,,,,,,,,,,,,,,,,,,,,,,,,,,,,,,,,,,,,,,,,,,,,,,,,,,,,,,,,,,,,,,,,,,,,,,,,,,,,,,,,,,,,,,,,,,,,,,,,,,,,,,,,,,,,,,,,,,,,,,,,,,,,,,,,,,,,,,,,,,,,,,,,,,,,,,,,,,,,,,,,,,,,,,,,,,,,,,,,,,,,,,,,,,,,,,,,,,,,,,,,,,,,,,,,,,,,,,,,,,,,,,,,,,,,,,,,,,,,,,,,,,,,,,,,,,,,,,,,,,,,,,,,,,,,,,,,,,,,,,Index
Data Series,2026 Jan ,2025 Dec ,2025 Nov ,2025 Oct ,2025 Sep ,2025 Aug ,2025 Jul ,2025 Jun ,2025 May ,2025 Apr ,2025 Mar ,2025 Feb ,2025 Jan ,2024 Dec ,2024 Nov ,2024 Oct ,2024 Sep ,2024 Aug ,2024 Jul ,2024 Jun ,2024 May ,2024 Apr ,2024 Mar ,2024 Feb ,2024 Jan ,2023 Dec ,2023 Nov ,2023 Oct ,2023 Sep ,2023 Aug ,2023 Jul ,2023 Jun ,2023 May ,2023 Apr ,2023 Mar ,2023 Feb ,2023 Jan ,2022 Dec ,2022 Nov ,2022 Oct ,2022 Sep ,2022 Aug ,2022 Jul ,2022 Jun ,2022 May ,2022 Apr ,2022 Mar ,2022 Feb ,2022 Jan ,2021 Dec ,2021 Nov ,2021 Oct ,2021 Sep ,2021 Aug ,2021 Jul ,2021 Jun ,2021 May ,2021 Apr ,2021 Mar ,2021 Feb ,2021 Jan ,2020 Dec ,2020 Nov ,2020 Oct ,2020 Sep ,2020 Aug ,2020 Jul ,2020 Jun ,2020 May ,2020 Apr ,2020 Mar ,2020 Feb ,2020 Jan ,2019 Dec ,2019 Nov ,2019 Oct ,2019 Sep ,2019 Aug ,2019 Jul ,2019 Jun ,2019 May ,2019 Apr ,2019 Mar ,2019 Feb ,2019 Jan ,2018 Dec ,2018 Nov ,2018 Oct ,2018 Sep ,2018 Aug ,2018 Jul ,2018 Jun ,2018 May ,2018 Apr ,2018 Mar ,2018 Feb ,2018 Jan ,2017 Dec ,2017 Nov ,2017 Oct ,2017 Sep ,2017 Aug ,2017 Jul ,2017 Jun ,2017 May ,2017 Apr ,2017 Mar ,2017 Feb ,2017 Jan ,2016 Dec ,2016 Nov ,2016 Oct ,2016 Sep ,2016 Aug ,2016 Jul ,2016 Jun ,2016 May ,2016 Apr ,2016 Mar ,2016 Feb ,2016 Jan ,2015 Dec ,2015 Nov ,2015 Oct ,2015 Sep ,2015 Aug ,2015 Jul ,2015 Jun ,2015 May ,2015 Apr ,2015 Mar ,2015 Feb ,2015 Jan ,2014 Dec ,2014 Nov ,2014 Oct ,2014 Sep ,2014 Aug ,2014 Jul ,2014 Jun ,2014 May ,2014 Apr ,2014 Mar ,2014 Feb ,2014 Jan ,2013 Dec ,2013 Nov ,2013 Oct ,2013 Sep ,2013 Aug ,2013 Jul ,2013 Jun ,2013 May ,2013 Apr ,2013 Mar ,2013 Feb ,2013 Jan ,2012 Dec ,2012 Nov ,2012 Oct ,2012 Sep ,2012 Aug ,2012 Jul ,2012 Jun ,2012 May ,2012 Apr ,2012 Mar ,2012 Feb ,2012 Jan ,2011 Dec ,2011 Nov ,2011 Oct ,2011 Sep ,2011 Aug ,2011 Jul ,2011 Jun ,2011 May ,2011 Apr ,2011 Mar ,2011 Feb ,2011 Jan ,2010 Dec ,2010 Nov ,2010 Oct ,2010 Sep ,2010 Aug ,2010 Jul ,2010 Jun ,2010 May ,2010 Apr ,2010 Mar ,2010 Feb ,2010 Jan ,2009 Dec ,2009 Nov ,2009 Oct ,2009 Sep ,2009 Aug ,2009 Jul ,2009 Jun ,2009 May ,2009 Apr ,2009 Mar ,2009 Feb ,2009 Jan ,2008 Dec ,2008 Nov ,2008 Oct ,2008 Sep ,2008 Aug ,2008 Jul ,2008 Jun ,2008 May ,2008 Apr ,2008 Mar ,2008 Feb ,2008 Jan ,2007 Dec ,2007 Nov ,2007 Oct ,2007 Sep ,2007 Aug ,2007 Jul ,2007 Jun ,2007 May ,2007 Apr ,2007 Mar ,2007 Feb ,2007 Jan ,2006 Dec ,2006 Nov ,2006 Oct ,2006 Sep ,2006 Aug ,2006 Jul ,2006 Jun ,2006 May ,2006 Apr ,2006 Mar ,2006 Feb ,2006 Jan ,2005 Dec ,2005 Nov ,2005 Oct ,2005 Sep ,2005 Aug ,2005 Jul ,2005 Jun ,2005 May ,2005 Apr ,2005 Mar ,2005 Feb ,2005 Jan ,2004 Dec ,2004 Nov ,2004 Oct ,2004 Sep ,2004 Aug ,2004 Jul ,2004 Jun ,2004 May ,2004 Apr ,2004 Mar ,2004 Feb ,2004 Jan ,2003 Dec ,2003 Nov ,2003 Oct ,2003 Sep ,2003 Aug ,2003 Jul ,2003 Jun ,2003 May ,2003 Apr ,2003 Mar ,2003 Feb ,2003 Jan ,2002 Dec ,2002 Nov ,2002 Oct ,2002 Sep ,2002 Aug ,2002 Jul ,2002 Jun ,2002 May ,2002 Apr ,2002 Mar ,2002 Feb ,2002 Jan ,2001 Dec ,2001 Nov ,2001 Oct ,2001 Sep ,2001 Aug ,2001 Jul ,2001 Jun ,2001 May ,2001 Apr ,2001 Mar ,2001 Feb ,2001 Jan ,2000 Dec ,2000 Nov ,2000 Oct ,2000 Sep ,2000 Aug ,2000 Jul ,2000 Jun ,2000 May ,2000 Apr ,2000 Mar ,2000 Feb ,2000 Jan ,1999 Dec ,1999 Nov ,1999 Oct ,1999 Sep ,1999 Aug ,1999 Jul ,1999 Jun ,1999 May ,1999 Apr ,1999 Mar ,1999 Feb ,1999 Jan ,1998 Dec ,1998 Nov ,1998 Oct ,1998 Sep ,1998 Aug ,1998 Jul ,1998 Jun ,1998 May ,1998 Apr ,1998 Mar ,1998 Feb ,1998 Jan ,1997 Dec ,1997 Nov ,1997 Oct ,1997 Sep ,1997 Aug ,1997 Jul ,1997 Jun ,1997 May ,1997 Apr ,1997 Mar ,1997 Feb ,1997 Jan ,1996 Dec ,1996 Nov ,1996 Oct ,1996 Sep ,1996 Aug ,1996 Jul ,1996 Jun ,1996 May ,1996 Apr ,1996 Mar ,1996 Feb ,1996 Jan ,1995 Dec ,1995 Nov ,1995 Oct ,1995 Sep ,1995 Aug ,1995 Jul ,1995 Jun ,1995 May ,1995 Apr ,1995 Mar ,1995 Feb ,1995 Jan ,1994 Dec ,1994 Nov ,1994 Oct ,1994 Sep ,1994 Aug ,1994 Jul ,1994 Jun ,1994 May ,1994 Apr ,1994 Mar ,1994 Feb ,1994 Jan ,1993 Dec ,1993 Nov ,1993 Oct ,1993 Sep ,1993 Aug ,1993 Jul ,1993 Jun ,1993 May ,1993 Apr ,1993 Mar ,1993 Feb ,1993 Jan ,1992 Dec ,1992 Nov ,1992 Oct ,1992 Sep ,1992 Aug ,1992 Jul ,1992 Jun ,1992 May ,1992 Apr ,1992 Mar ,1992 Feb ,1992 Jan ,1991 Dec ,1991 Nov ,1991 Oct ,1991 Sep ,1991 Aug ,1991 Jul ,1991 Jun ,1991 May ,1991 Apr ,1991 Mar ,1991 Feb ,1991 Jan ,1990 Dec ,1990 Nov ,1990 Oct ,1990 Sep ,1990 Aug ,1990 Jul ,1990 Jun ,1990 May ,1990 Apr ,1990 Mar ,1990 Feb ,1990 Jan ,1989 Dec ,1989 Nov ,1989 Oct ,1989 Sep ,1989 Aug ,1989 Jul ,1989 Jun ,1989 May ,1989 Apr ,1989 Mar ,1989 Feb ,1989 Jan ,1988 Dec ,1988 Nov ,1988 Oct ,1988 Sep ,1988 Aug ,1988 Jul ,1988 Jun ,1988 May ,1988 Apr ,1988 Mar ,1988 Feb ,1988 Jan ,1987 Dec ,1987 Nov ,1987 Oct ,1987 Sep ,1987 Aug ,1987 Jul ,1987 Jun ,1987 May ,1987 Apr ,1987 Mar ,1987 Feb ,1987 Jan ,1986 Dec ,1986 Nov ,1986 Oct ,1986 Sep ,1986 Aug ,1986 Jul ,1986 Jun ,1986 May ,1986 Apr ,1986 Mar ,1986 Feb ,1986 Jan ,1985 Dec ,1985 Nov ,1985 Oct ,1985 Sep ,1985 Aug ,1985 Jul ,1985 Jun ,1985 May ,1985 Apr ,1985 Mar ,1985 Feb ,1985 Jan 
Total,105.963,112.543,102.965,102.14,96.564,101.858,100.148,93.525,99.366,92.808,102.29,89.355,106.438,109.794,98.184,98.25,94.541,96.553,95.195,91.22,98.297,92.012,99.608,92.271,101.871,112.661,98.255,95.344,92.616,95.788,94.249,91.616,95.993,92.965,96.787,85.133,100.474,113.03,96.144,95.739,91.953,91.813,92.92,90.696,94.386,89.713,92.709,75.698,101.626,104.675,89.92,86.359,82.533,80.901,81.206,78.719,79.837,79.896,85.011,78.385,90.484,98.056,87.855,80.185,77.22,82.945,80.94,62.135,44.127,51.74,79.975,74.288,96.762,101.308,89.093,87.625,86.344,87.947,88.633,85.844,91.257,86.174,92.598,81.109,103.826,104.996,93.206,91.622,88.243,91.855,89.953,94.053,92.777,87.537,92.999,89.704,96.405,111.626,95.108,91.299,86.734,92.267,92.297,92.49,92.656,86.564,93.956,82.64,104.17,104.977,90.333,91.112,87.194,89.602,91.374,91.166,92.477,86.01,92.062,84.416,101.235,104.291,89.686,89.324,85.582,90.072,88.813,89.781,89.679,83.222,87.395,86.578,93.827,101.44,85.588,86.793,82.092,84.504,84.419,83.792,84.711,79.268,85.651,75.648,99.06,96.988,80.718,80.395,80.434,81.673,81.712,85.136,90.653,86.137,85.919,82.931,96.505,102.656,88.416,89.039,85.59,88.45,88.976,88.853,88.137,86.58,92.908,85.502,98.926,104.44,89.668,90.121,83.319,85.31,91.646,89.614,87.561,84.57,85.248,71.296,96.736,100.568,84.922,83.046,83.504,82.495,82.767,80.693,79.834,78.041,84.631,80.492,93.529,97.416,83.306,83.231,82.316,83.394,83.939,86.461,84.498,79.931,87.199,79.269,93.736,102.308,84.581,87.211,93.487,87.559,92.957,94.615,94.385,90.096,93.754,83.92,106.217,102.946,87.127,90.234,87.296,84.186,83.449,98.196,89.796,83.734,88.799,84.672,97.822,99.637,86.491,85.874,81.34,78.62,84.893,85.203,87.719,82.84,93.075,71.038,98.281,94.954,79.869,84.775,79.184,76.567,82.43,81.61,77.755,77.524,84.66,69.014,92.584,87.396,78.248,76.196,71.978,69.873,75.096,76.134,72.669,69.818,76.451,71.587,82.946,85.142,70.484,67.497,65.338,63.474,69.306,64.846,67.326,60.459,63.392,51.121,78.636,77.101,63.543,58.82,57.382,59.041,63.178,58.899,56.921,59.026,65.822,54.732,69.363,70.846,61.714,57.924,57.943,64.284,61.817,63.557,63.206,61.022,68.964,56.706,74.423,72.984,64.392,57.051,62.959,59.791,64.523,64.53,59,57.408,56.827,46.292,70.069,60.477,53.808,52.248,53.712,51.545,50.218,52.505,47.989,45.58,45.221,41.962,49.513,52.247,43.941,40.139,39.944,41.119,44.542,43.043,43.372,47.468,37.982,37.893,56.692,49.926,45.103,44.765,48.073,45.938,51.033,47.001,46.151,45.402,47.49,39.863,62.115,59.27,49.403,47.887,47.509,45.44,47.8,46.265,46.166,44.839,46.708,51.384,54.651,53.922,48.987,47.124,48.549,47.053,46.552,45.05,46.253,44.764,49.624,39.979,61.265,53.772,48.13,45.058,46.103,44.082,47.891,42.566,42.576,37.485,60.003,44.906,57.984,55.501,45.838,43.943,43.832,44.832,47.489,46.269,44.321,41.381,46.914,39.898,55.73,47.352,40.703,40.239,42.752,41.63,40.51,44.452,40.896,39.93,41.515,36.336,51.179,43.525,42.288,42.637,36.104,39.158,37.225,35.64,36.839,36.993,36.297,37.843,39.389,46.012,34.564,38.142,33.04,35.635,33.538,33.949,32.31,44.209,41.497,37.604,51.456,46.404,38.695,36.587,36.508,36.67,33.893,32.769,34.342,34.956,39.177,37.068,43.949,46.321,34.65,36.546,33.235,34.091,31.354,30.285,31.596,29.366,28.74,30.781,33.672,31.961,28.353,26.589,25.988,26.747,25.835,25.235,25.271,23.93,23.68,20.425,27.073,24.118,19.435,18.974,18.741,19.398,19.117,18.226,18.723,18.067,19.504,21.408,25.322,24.222,20.646,19.66,20.266,21.195,20.241,20.042,21.939,20.889,25.499,29.9,30.546
  Department Stores,108.91,124.673,115.238,99.247,95.539,93.483,90.593,92.622,102.82,83.21,99.031,79.358,124.186,128.545,111.589,100.345,92.294,98.154,87.181,91.854,106.12,92.346,100.904,94.197,120.029,136.327,117.783,102.816,99.151,104.884,98.703,97.01,109.749,100.753,100.454,89.984,123.674,144.572,116.322,108.742,98.283,110.609,100.408,96.535,109.667,94.031,86.215,71.298,118.943,129.612,95.339,76.461,72.985,76.252,70.315,60.445,63.002,71.163,73.155,74.709,91.276,115.345,102.093,78.007,72.955,82.944,75.964,36.612,10.189,19.286,73.986,76.765,143.848,162.045,133.461,120.466,121.136,130.69,113.83,120.546,123.486,109.42,120.148,117.598,149.919,171.98,146.621,121.828,122.782,125.983,118.354,120.377,128.404,112.78,127.952,134.151,140.02,174.378,134.851,126.894,121.7,121.888,124.547,123.153,125.501,115.197,117.777,107.548,164.106,181.658,129.564,126.182,113.863,120.315,123.643,121.505,132.059,111.037,119.702,124.435,161.977,181.569,135.772,125.62,122.816,127.975,132.473,131.894,140.52,117.52,126.628,147.286,143.328,187.832,135.977,129.426,119.717,125.458,126.064,131.434,137.551,114.362,128.764,118.157,169.004,201.649,134.182,127.643,122.437,133.157,124.523,136.391,139.234,115.642,130.3,133.504,150.689,195.108,131.124,130.106,123.672,125.479,122.367,131.883,132.44,120.931,126.595,114.334,165.893,200.042,130.444,130.236,119.112,120.953,130.339,130.285,134.064,116.458,115.07,106.556,161.929,183.996,121.473,119.424,118.092,113.308,119.72,122.559,128.316,108.541,107.497,119.722,133.938,169.667,120.315,110.921,110.22,103.031,108.612,119.979,118.619,99.395,106.247,89.265,137.156,173.336,112.163,116.439,109.565,108.717,106.279,121.689,127.916,100.643,111.088,106.537,133.835,na,na,na,na,na,na,na,na,na,na,na,na,na,na,na,na,na,na,na,na,na,na,na,na,na,na,na,na,na,na,na,na,na,na,na,na,na,na,na,na,na,na,na,na,na,na,na,na,na,na,na,na,na,na,na,na,na,na,na,na,na,na,na,na,na,na,na,na,na,na,na,na,na,na,na,na,na,na,na,na,na,na,na,na,na,na,na,na,na,na,na,na,na,na,na,na,na,na,na,na,na,na,na,na,na,na,na,na,na,na,na,na,na,na,na,na,na,na,na,na,na,na,na,na,na,na,na,na,na,na,na,na,na,na,na,na,na,na,na,na,na,na,na,na,na,na,na,na,na,na,na,na,na,na,na,na,na,na,na,na,na,na,na,na,na,na,na,na,na,na,na,na,na,na,na,na,na,na,na,na,na,na,na,na,na,na,na,na,na,na,na,na,na,na,na,na,na,na,na,na,na,na,na,na,na,na,na,na,na,na,na,na,na,na,na,na,na,na,na,na,na,na,na,na,na,na,na,na,na,na,na,na,na,na,na,na,na,na,na,na,na,na,na,na,na,na,na,na,na,na,na,na,na,na,na,na,na,na,na,na,na,na,na,na,na,na,na,na,na,na,na,na,na,na,na,na
  Supermarkets & Hypermarkets,111.712,100.942,96.75,98.821,97.512,107.87,109.114,90.785,100.048,91.679,97.195,85.525,123.757,97.33,90.898,95.847,93.1,99.688,95.958,90.134,93.633,91.223,93.995,99.772,112.696,96.525,88.839,92.904,91.287,97.147,94.156,88.461,94.011,93.546,92.438,83.635,119.997,99.505,90.654,95.967,90.256,96.11,96.294,87.413,96.056,93.031,96.687,86.694,123.633,101.835,95.792,102.73,93.525,101.975,101.593,99.168,107.353,88.744,88.864,97.46,104.309,100.767,90.031,93.136,89.501,97.475,97.84,104.136,121.162,127.392,103.004,85.809,98.584,80.326,72.909,75.983,74.665,79.985,76.13,72.588,77.652,72.621,75.424,74.178,90.153,78.954,71.254,74.556,73.621,78.366,75.182,73.084,77.057,73.233,74.383,85.111,81.913,79.498,72.285,76.771,74.352,79.176,77.851,74.14,77.911,75.379,74.38,68.264,97.605,76.04,69.394,74.564,69.538,76.023,75.669,69.984,76.209,72.508,72.644,76.418,85.841,76.209,71.494,73.988,71.61,78.795,74.004,70.766,76.453,70.291,71.729,82.111,77.933,75.861,70.628,72.045,68.8,74.533,73.428,68.677,72.272,68.407,71.169,60.832,87.342,73.618,67.634,69.198,66.499,72.77,68.574,67.863,68.816,65.51,68.148,71.308,72.78,71.115,63.911,67.022,64.284,69.281,66.109,62.702,64.976,63.17,63.614,58.374,80.072,68.019,61.016,65.323,60.364,66.579,64.376,60.437,65.116,62.676,61.176,56.861,76.158,65.242,59.854,61.469,58.502,63.363,60.033,57.973,62.086,57.434,58.41,62.953,63.068,60.997,56.821,57.975,57.829,60.474,56.566,55.036,59.255,54.442,57.299,49.093,69.699,60.464,54.124,55.462,55.119,57.441,55.239,51.9,54.355,51.906,52.257,53.148,57.309,na,na,na,na,na,na,na,na,na,na,na,na,na,na,na,na,na,na,na,na,na,na,na,na,na,na,na,na,na,na,na,na,na,na,na,na,na,na,na,na,na,na,na,na,na,na,na,na,na,na,na,na,na,na,na,na,na,na,na,na,na,na,na,na,na,na,na,na,na,na,na,na,na,na,na,na,na,na,na,na,na,na,na,na,na,na,na,na,na,na,na,na,na,na,na,na,na,na,na,na,na,na,na,na,na,na,na,na,na,na,na,na,na,na,na,na,na,na,na,na,na,na,na,na,na,na,na,na,na,na,na,na,na,na,na,na,na,na,na,na,na,na,na,na,na,na,na,na,na,na,na,na,na,na,na,na,na,na,na,na,na,na,na,na,na,na,na,na,na,na,na,na,na,na,na,na,na,na,na,na,na,na,na,na,na,na,na,na,na,na,na,na,na,na,na,na,na,na,na,na,na,na,na,na,na,na,na,na,na,na,na,na,na,na,na,na,na,na,na,na,na,na,na,na,na,na,na,na,na,na,na,na,na,na,na,na,na,na,na,na,na,na,na,na,na,na,na,na,na,na,na,na,na,na,na,na,na,na,na,na,na,na,na,na,na,na,na,na,na,na,na,na,na,na,na,na
  Mini-Marts & Convenience Stores,103.317,96.593,97.309,101.584,97.459,101.235,103.087,96.16,101.456,98.611,101.812,98.534,106.159,90.545,91.343,97.916,99.868,107.628,106.086,96.806,103.246,95.092,102.682,98.95,106.116,99.636,100.151,103.892,102.705,109.448,108.016,104.091,107.083,102.49,106.442,93.747,105.925,108.2,98.047,102.733,98.125,100.862,101.183,97.457,102.985,96.575,100.534,87.928,115.975,106.096,98.368,103.616,99.009,104.942,107.195,102.923,108.944,101.898,106.591,102.375,113.681,110.541,104.507,109.779,105.49,111.482,111.658,111.684,119.304,122.332,113.892,101.353,118.187,105.405,104.36,108.753,104.807,110.711,106.42,101.879,108.311,106.112,108.116,101.015,116.686,101.451,101.579,107.182,104.465,111.944,107.821,104.571,107.348,106.007,106.688,103.365,112.158,103.494,101.763,107.289,105.462,110.382,106.854,104.107,108.591,106.219,107.666,97.141,121.539,109.504,104.236,110.692,108.512,113.628,111.393,104.401,110.208,109.929,111.043,103.903,119.574,108.064,105.639,111.109,105.424,113.838,110.708,103.853,112.73,105.815,109.777,102.84,113.571,109.378,110.86,115.248,111.098,117.482,113.906,107.672,111.508,110.147,114.229,93.07,121.932,111.964,107.622,110.383,108.539,115.373,116.628,110.134,111.247,107.846,111.859,111.686,116.186,110.903,108.398,110.134,108.327,112.917,110.954,106.658,108.105,105.335,107.334,100.723,122.382,108.382,104.403,108.307,106.381,108.738,108.39,101.303,106.105,102.624,102.79,96.517,116.169,105.626,98.873,103.616,100.728,101.767,99.038,91.532,99.517,95.487,97.87,98.137,100.884,102.746,95.564,99.984,101.436,102.713,101.663,99.365,101.689,97.936,97.16,88.503,113.149,105.894,98.048,102.026,101.811,102.991,96.615,92.33,97.071,94.979,92.1,90.091,98.328,91.772,84.134,90.708,92.615,95.025,91.389,92.942,94.122,92.756,85.86,94.548,95.153,87.6,83.843,89.348,86.152,88.756,88.012,81.094,86.692,83.603,87.331,71.302,101.647,83.501,76.279,88.141,80.479,83.396,81.947,76.159,79.042,77.533,82.808,80.444,88.561,81.178,75.552,75.486,72.381,76.753,75.525,74.215,72.865,71.705,71.938,69.22,82.394,76.383,69.706,70.8,67.651,70.63,68.86,66.437,68.339,65.182,68.31,62.602,75.535,74.731,68.279,67.997,64.865,68.393,65.484,64.446,65.16,63.511,63.434,67.985,65.659,70.001,63.52,62.951,62.472,64.25,63.11,61.344,63.14,60.02,62.822,57.675,71.716,68.338,60.463,62.106,59.372,61.229,60.474,59.731,60.421,58.102,58.313,59.744,65.822,64.663,58.061,59.138,55.524,60.703,58.933,57.465,58.37,57.591,58.165,61.46,62.047,62.346,57.418,59.995,59.671,61.615,62.517,60.338,61.965,59.267,60.471,53.674,73.881,63.865,59.288,61.598,57.529,61.128,61.211,58.63,61.13,58.489,59.496,62.294,65.146,62.425,59.878,59.28,56.853,60.104,56.757,56.179,56.928,54.62,56.086,66.117,60.367,61.759,55.81,57.719,56.666,58.738,57.713,56.793,57.406,54.16,56.925,49.898,71.828,62.137,56.793,58.074,55.301,59.424,56.221,52.456,51.963,49.445,58.471,57.527,60.845,58.646,55.293,55.167,54.645,55.886,53.932,53.276,53.549,53.843,55.215,50.459,65.464,60.318,53.949,55,51.954,55.997,54.778,51.566,51.843,50.957,51.787,49.682,64.305,55.831,53.615,55.277,49.904,57.271,54.834,51.676,56.606,54.557,54.889,58.489,61.535,57.911,51.629,52.737,52.385,55.327,52.383,52.572,55.398,54.886,53.77,50.053,66.455,57.48,50.882,52.024,51.954,52.421,50.575,50.218,50.757,50.029,50.135,49.228,62.03,57.924,53.348,53.419,52.387,53.846,54.311,52.331,52.814,52.656,53.451,62.655,57.567,58.716,55.078,56.147,56.516,54.672,54.133,54.346,54.923,53.908,55.082,51.834,66.685,54.434,47.038,47.692,47.081,48.887,47.417,43.454,48.394,48.359,49.876,57.678,67.42,58.28,51.961,50.065,50.927,53.733,49.802,45.157,50.251,49.713,49.15,70.836,52.051
  Food & Alcohol,113.532,110.531,96.246,99.382,94.764,101.951,99.469,89.171,98.73,95.943,107.087,94.955,111.771,121.15,102.269,106.292,95.799,106.563,97.808,95.291,103.216,91.393,103.594,105.534,112.892,110.701,97.761,100.484,96.704,97.839,92.94,91.606,93.046,88.103,89.953,79.126,107.763,105.745,87.17,82.686,79.165,79.482,76.008,70.081,74.681,67.94,58.082,46.318,80.49,69.968,54.739,51.258,51.46,53.145,49.897,48.07,50.556,48.919,47.368,55.351,67.917,61.362,50.247,47.158,49.76,52.025,45.762,41.447,34.238,35.906,50.309,55.331,123.534,90.641,79.639,83.518,80.642,89.484,81.326,74.063,79.8,77.506,81.749,88.789,115.548,91.326,81.064,83.665,82.131,89.433,80.644,73.478,80.395,80.233,84.817,113.158,106.114,93.673,83.885,83.022,81.204,94.208,86.371,74.235,81.838,75.708,78.302,69.824,107.168,94.664,79.897,84.765,82.236,88.505,81.701,79.153,86.62,78.557,81.437,88.129,100.423,94.735,81.446,83.213,88.482,95.516,89.465,84.104,90.379,84.986,91.457,136.191,100.463,105.227,92.403,94.054,87.712,101.308,92.224,88.206,95.91,90.523,91.728,82.848,173.837,104.842,90.165,90.79,90.849,97.104,92.377,88.665,91.021,87.366,88.624,124.756,112.608,104.818,88.501,87.314,86.16,91.088,86.935,82.16,84.781,83.331,82.856,80.139,144.952,98.636,84.464,87.591,80.913,87.597,83.748,81.795,81.887,80.347,78.697,82.61,127.002,88.815,80.083,81.325,79.799,82.264,79.69,72.753,77.424,71.892,69.711,117.965,80.804,86.655,72.701,78.286,76.976,78.205,79.904,77.832,74.091,74.719,79.439,72.258,127.613,86.087,73.543,73.041,76.708,81.684,77.461,79.445,76.297,72.365,82.268,96.37,113.363,90.754,77.197,78.307,79.337,78.581,77.77,76.519,77.238,69.301,80.605,118.884,92.25,84.425,72.297,74.931,77.663,77.072,74.392,70.6,77.037,69.601,69.361,63.967,132.06,80.615,69.558,69.067,71.976,73.681,68.407,64.376,69.297,63.346,64.823,89.81,89.27,71.006,56.74,56.57,59.122,59.595,64.016,60.85,60.328,52.308,53.119,51.666,135.184,75.647,61.1,59.052,58.419,65.205,64.906,55.572,45.368,41.939,52.556,46.665,153.421,67.378,57.768,57.228,61.124,64.87,61.218,60.787,58.411,53.967,56.304,103.626,83.878,62.833,55.815,52.942,55.363,55.513,55.263,55.856,53.337,51.395,51.89,50.075,127.083,58.937,55.189,53.876,53.971,55.18,56.398,51.153,50.964,49.84,51.879,64.527,109.332,56.477,52.267,51.218,52.856,55.097,55.355,51.098,50.969,45.278,48.381,91.107,64.511,53.478,47.358,49.344,46.714,46.855,44.391,45.017,46.973,46.88,48.97,46.703,102.01,61.816,52.958,57.367,61.886,68.826,65.076,58.18,62.789,61.341,66.536,75.647,119.732,68.83,60.641,62.739,69.169,65.514,61.047,60.303,66.258,61.994,62.874,108.761,90.082,71.808,68.018,64.025,68.085,68.695,65.852,64.16,65.311,60.235,61.859,52.317,121.959,73.771,68.424,67.883,65.514,64.837,62.739,60.37,66.529,60.032,70.251,78.779,102.061,75.869,66.326,67.544,68.56,63.416,61.047,58.137,60.844,56.377,60.303,56.31,75.598,na,na,na,na,na,na,na,na,na,na,na,na,na,na,na,na,na,na,na,na,na,na,na,na,na,na,na,na,na,na,na,na,na,na,na,na,na,na,na,na,na,na,na,na,na,na,na,na,na,na,na,na,na,na,na,na,na,na,na,na,na,na,na,na,na,na,na,na,na,na,na,na,na,na,na,na,na,na,na,na,na,na,na,na,na,na,na,na,na,na,na,na,na,na,na,na
"  Motor Vehicles, Parts & Accessories",105.743,104.131,90.254,98.421,102.793,101.28,108.664,102.136,103.89,94.371,109.188,93.414,91.459,95.664,80.95,89.138,96.069,92.288,99.028,89.639,94.076,95.815,107.041,78.195,89.536,90.223,76.957,75.267,74.118,78.849,77.868,75.042,78.706,76.655,99.707,77.053,65.208,72.893,68.14,69.514,73.202,74.106,72.6,81.879,76.92,77.127,93.026,64.321,85.205,81.306,77.658,82.53,91.71,80.488,83.748,92.418,85.62,92.258,108.302,74.9,96.854,87.583,88.501,94.926,93.592,97.507,92.866,51.172,16.429,25.538,93.653,82.365,87.848,84.805,84.134,88.29,93.363,87.004,106.47,98.011,114.602,110.954,130.365,81.27,132.216,111.727,108.396,114.365,106.406,109.126,104.886,144.963,123.872,112.21,129.196,85.55,110.14,140.844,127.695,116.654,103.661,125.16,123.688,132.114,135.196,113.108,151.428,103.693,122.156,111.805,118.822,121.316,122.435,121.805,123.341,140.008,132.601,120.854,141.673,94.795,119.621,110.824,101.52,105.988,101.036,92.748,90.098,118.974,97.563,84.499,100.281,62.655,79.26,68.189,63.584,65.495,68.12,64.463,64.06,64.241,66.541,54.013,71.638,49.962,59.498,52.569,45.688,48.832,55.938,45.796,47.942,59.889,84.626,78.907,64.928,54.545,85.679,77.27,78.55,80.795,75.909,78.343,83.72,81.961,81.795,81.052,96.418,90.393,77.512,82.326,88.398,88.286,77.757,74.487,92.663,91.877,81.853,81.242,81.824,52.065,79.776,91.085,83.791,81.412,86.161,82.524,83.676,81.679,70.367,79.475,96.62,83.308,111.33,106.996,103.808,105.241,98.118,104.919,107.405,125.14,115.692,112.897,137.21,134.949,123.994,146.928,123.537,123.266,154.034,118.736,149.183,162.035,151.774,157.093,149.482,127.035,181.421,140.682,132.108,151.652,147.21,136.299,127.24,176.179,154.77,146.669,162.585,142.154,191.665,160.741,169.086,159.645,144.052,131.398,158.694,166.97,166.344,158.582,210.881,123.603,180.655,155.958,147.335,159.776,150.228,135.891,157.498,162.939,142.894,153.586,179.519,114.514,180.705,146.664,147.884,146.494,135.747,126.444,142.723,144.646,133.505,132.791,151.389,140.945,152.069,145.913,126.286,120.313,122.648,111.231,134.223,112.426,132.048,114.312,108.973,80.319,136.524,115.795,97.138,87.038,90.608,93.581,103.83,91.051,81.147,99.105,118.211,82.078,114.163,99.197,98.528,93.665,96.687,112.205,102.618,109.054,109.897,108.973,130.779,94.09,125.4,104.676,107.267,85.647,110.45,99.04,110.57,114.621,92.996,92.913,85.444,53.366,106.87,69.888,74.161,73.99,83.45,72.367,65.597,71.475,57.025,59.499,52.653,36.705,51.188,52.901,49.417,37.731,42.456,43.56,52.527,46.056,46.79,65.658,25.232,35.166,64.101,38.336,39.998,45.378,60.275,47.136,51.972,48.495,49.13,51.07,51.907,25.783,74.065,65.061,52.832,58.46,61.022,53.231,52.808,55.639,58.586,61.168,57.753,66.352,74.419,52.505,66.454,65.528,75.195,64.722,56.733,61.372,63.214,71.787,79.242,49.428,96.741,58.131,70.34,58.022,67.629,58.198,71.578,63.193,63.506,51.735,94.153,55.521,94.026,66.628,63.102,54.711,59.837,65.141,78.754,76.191,66.571,63.429,68.699,50.99,89.716,42.497,41.996,42.767,52.755,45.467,43.654,62.55,48.899,48.051,44.579,33.434,63.939,35.711,50.519,51.637,34.168,40.184,35.672,31.468,34.862,40.762,33.434,40.299,34.014,43.85,23.98,39.254,23.613,25.934,18.278,25.52,19.313,64.344,49.08,43.57,72.357,47.368,37.125,36.102,36.987,33.901,29.117,30.248,33.697,39.06,48.574,47.862,55.507,58.899,33.715,43.037,32.664,33.118,25.644,26.459,27.956,24.934,15.267,22.682,33.361,15.586,17.146,12.654,13.963,14.464,13.829,12.986,11.344,12.53,8.272,3.556,14.411,7.992,5.719,5.819,6.464,6.615,5.964,6.34,4.525,5.74,6.546,9.509,10.823,5.967,5.068,5.725,6.584,6.665,6.535,5.914,7.885,7.873,10.663,16.15,17.783
  Petrol Service Stations,96.166,88.997,95.166,91.4,97.68,106.313,108.065,96.337,103.54,102.115,106.09,97.827,106.47,97.895,102.05,110.176,106.217,111.894,114.521,102.349,114.228,114.236,115.625,109.387,112.605,102.386,107.895,117.117,116.702,117.846,109.373,101.895,113.198,110.87,114.047,103.798,109.235,106.436,114.122,115.242,117.296,121.11,130.393,134.495,138.827,129.171,133.283,100.844,119.762,114.207,105.137,104.868,102.902,104.258,105.349,92.021,95.229,103.749,107.55,92.446,95.424,92.582,86.804,90.196,84.159,84.268,78.919,63.995,44.586,50.866,90.771,91.697,102.94,97.466,99.605,102.957,101.515,102.779,104.046,96.303,106.66,102.309,103.888,90.044,102.249,92.498,99.237,109.754,104.965,106.319,107.001,99.297,105.202,102.477,104.27,97.034,101.809,92.888,96.264,98.485,94.249,96.293,97.216,90.863,96.67,94.414,97.957,87.675,94.636,89.106,88.41,91.729,86.34,87.948,89.346,82.171,86.33,83.56,87.943,76.466,88.214,91.12,89.364,95.905,91.21,97.569,103.427,95.629,101.392,92.759,95.597,82.752,89.9,97.159,106.176,115.1,117.663,121.991,123.65,114.782,121.473,117.88,121.557,104.704,123.987,111.898,112.49,118.222,116.839,120.127,121.271,109.758,114.115,112.586,118.772,107.585,116.652,107.179,106.616,116.714,114.878,116.073,111.887,106.345,117.194,118.387,122.887,112.785,115.378,109.1,109.178,112.811,109.654,111.013,115.306,104.776,111.173,112.589,110.965,94.513,105.345,95.363,90.133,95.579,92.306,96.245,97.121,89.743,98.371,96.915,98.156,88.902,96.609,88.151,87.027,90.823,90.125,93.927,90.942,86.241,86.777,82.686,83.493,76.574,83.244,80.844,86.925,101.036,102.261,109.007,118.977,107.658,111.527,104.336,103.601,94.23,101.426,95.678,93.185,95.412,89.896,91.954,89.617,84.167,85.016,76.105,75.159,63.862,73.668,72.972,72.603,77.599,78.645,84.623,85.305,79.372,83.472,79.055,78.945,69.663,77.849,73.105,73.702,79.994,77.065,76.886,72.03,66.166,69.199,66.986,65.873,60.159,67.253,65.655,64.092,68.441,68.598,69.546,68.486,64.023,67.975,64.309,65.275,60.732,64.711,61.031,59.271,60.286,58.073,60.213,61.257,58.104,59.563,56.689,64.238,53.709,63.006,58.539,58.602,61.947,60.392,61.662,61.534,56.185,60.294,59.436,60.239,53.389,60.327,58.375,59.941,64.62,63.03,67.605,69.339,65.615,69.645,67.725,71.179,63.125,71.238,70.533,69.969,70.702,73.611,71.913,70.147,64.995,67.562,67.302,68.076,62.306,65.087,64.377,63.962,63.022,62.25,60.402,62.412,59.951,61.531,58.827,59.169,54.061,56.033,56.766,60.621,63.818,61.561,65.506,67.693,66.162,66.332,66.536,69.71,63.344,70.757,66.507,63.753,67.002,65.961,65.306,67.643,62.325,65.635,65.407,64.251,61.895,71.648,68.544,68.73,69.309,67.222,68.81,70.972,63.674,67.425,66.391,64.739,60.902,64.405,62.493,63.279,62.964,64.717,64.331,64.276,62.234,63.558,59.633,63.986,53.36,62.937,62.405,61.252,62.231,61.849,64.795,59.167,59.833,59.553,59.952,61.259,54.727,59.502,63.614,60.549,60.2,59.893,59.806,62.092,58.696,60.132,59.442,60.651,54.753,60.812,58.687,57.369,60.226,60.336,61.27,63.083,56.599,58.138,57.753,59.787,52.588,58.798,55.171,55.281,55.006,55.116,56.05,56.05,53.962,56.599,55.39,54.566,52.972,53.303,52.394,53.168,59.738,53.619,54.043,46.905,45.354,48.833,46.367,49.514,45.928,48.727,47.46,45.167,45.516,43.208,45.371,44.544,42.808,41.701,38.132,38.199,34.977,36.196,32.814,32.197,33.418,35.552,35.552,35.097,35.782,34.945,35.216,36.036,35.822,34.14,39.65,36.751,39.982,37.813,36.005,40.192,35.238,37.603,35.972,36.297,31.392,33.868,35.692,31.344,33.02,32.571,38.496,33.305,32.166,33.807,33.621,34.829,39.18,43.79,45.003,43.043,44.174,42.915,49.854,48.509,46.334,51.152,49.854,46.62,42.453,46.637
"  Cosmetics, Toiletries & Medical Goods",101.014,113.732,109.085,102.298,94.337,101.435,97.497,96.031,100.594,90.637,102.704,90.215,101.433,113.484,100.112,93.703,95.992,94.308,91.378,92.775,95.188,86.238,97.021,86.168,93.351,111.909,97.924,90.298,93.333,91.845,92.441,91.71,92.324,90.491,94.804,78.116,92.938,111.963,95.733,90.32,84.653,86.201,89.583,84.649,81.219,77.396,89.005,76.623,89.439,96.228,80.217,72.579,74.421,68.998,70.374,66.579,67.889,65.757,70.122,65.055,75.537,82.978,72.992,66.139,68.837,71.692,69.651,66.287,49.707,49.862,80.388,80.275,111.164,123.713,99.485,94.45,98.643,102.748,98.712,98.509,96.784,91.387,102.437,90.092,109.988,118.175,99.558,94.918,95.176,98.924,97.094,96.53,98.094,92.932,99.606,100.563,99.625,115.527,93.122,91.803,92.113,96.37,93.448,91.287,92.225,85.249,93.058,86.774,104.587,111.238,88.534,88.526,88.752,89.68,87.811,87.84,87.086,81.689,89.977,85.386,94.529,101.176,84.788,88.24,86.936,90.058,83.82,85.164,85.214,79.552,85.187,82.63,80.267,97.323,77.745,79.206,85.234,81.364,76.301,87.8,77.315,77.547,88.734,75.378,91.422,93.098,77.027,76.317,80.57,74.707,73.886,85.133,76.681,73.366,82.653,82.747,81.167,86.704,76.071,75.433,77.382,73.302,72.773,80.114,74.785,72.145,79.946,73.31,80.064,81.748,68.453,71.218,71.394,66.77,67.47,66.605,68.717,65.498,72.429,57.83,75.26,72.398,63.678,64.796,65.527,61.508,61.978,65.291,62.435,58.6,65.776,56.432,61.54,64.56,55.688,55.462,56.425,56.726,56.074,59.121,57.689,53.68,56.877,49.397,62.945,63.018,51.975,52.262,53.589,51.628,51.184,54.649,55.208,50.882,52.043,45.757,63.693,56.521,46.915,47.327,47.685,46.016,46.065,54.602,51.474,44.211,48.894,47.93,52.468,52.751,45.677,44.484,47.182,44.894,46.195,48.258,48.558,43.84,47.576,37.688,57.351,52.52,42.801,43.889,44.505,43.366,43.67,43.233,41.3,39.405,43.778,37.42,51.844,49.34,38.977,39.354,42.423,38.591,38.998,45.365,40.009,37.893,44.49,36.447,41.107,47.319,34.685,35.669,39.018,36.167,36.007,40.512,35.165,36.966,41.654,31.37,40.964,42.592,34.028,39.189,37.41,32.179,32.803,36.385,33.335,33.025,38.701,32.776,38.084,41.266,32.537,32.934,35.034,32.529,33.521,37.763,33.432,32.628,36.802,31.915,37.491,41.086,32.248,32.356,34.908,31.597,32.002,37.306,32.551,32.751,35.659,28.477,40.239,38.207,31.873,31.872,32.526,30.244,30.703,33.736,31.442,28.768,31.311,27.439,30.538,32.836,27.859,28.699,31.102,28.789,28.548,29.419,27.781,27.113,30.728,25.446,30.082,33.33,27.253,28.644,31.155,29.774,32.553,30.395,29.14,29.605,33.17,25.909,32.679,33.634,29.21,29.604,30.058,28.543,28.877,27.846,27.331,26.756,29.876,26.998,29.331,31.058,27.392,27.149,28.574,29.028,28.816,29.21,27.513,26.15,30.089,24.059,28.816,30.452,25.513,25.453,27.634,26.392,27.483,25.544,24.119,23.028,31.694,23.665,29.361,28.119,24.271,24.18,25.453,22.725,24.877,23.483,22.604,22.119,24.422,21.483,22.331,na,na,na,na,na,na,na,na,na,na,na,na,na,na,na,na,na,na,na,na,na,na,na,na,na,na,na,na,na,na,na,na,na,na,na,na,na,na,na,na,na,na,na,na,na,na,na,na,na,na,na,na,na,na,na,na,na,na,na,na,na,na,na,na,na,na,na,na,na,na,na,na,na,na,na,na,na,na,na,na,na,na,na,na,na,na,na,na,na,na,na,na,na,na,na,na
  Wearing Apparel & Footwear,104.193,117.887,113.449,99.256,90.147,98.817,95.598,95.61,96.819,87,96.5,89.332,119.585,120.448,107.363,99.821,91.296,99.516,100.193,96.71,102.983,94.022,106.034,108.824,114.912,129.166,111.461,101.309,99.78,106.027,111.208,106.767,110.075,111.057,104.523,95.956,129.525,137.932,108.102,99.627,92.777,99.724,104.308,101.998,104.615,97.176,82.452,69.245,104.252,110.967,80.368,64.291,60.641,60.474,61.675,53.613,52.552,65.587,64.841,71.289,80.578,93.497,70.485,61.218,56.648,61.558,60.827,32.91,9.628,12.081,49.096,53.714,115.107,121.238,91.358,83.179,78.599,87.559,85.526,89.588,82.029,79.509,82.471,89.433,109.548,118.585,88.039,79.446,74.939,83.473,85.618,85.355,81.273,74.599,78.533,102.745,96.505,119.08,84.852,80.745,73.106,79.259,84.148,84.658,76.613,76.309,74.432,71.913,114.127,115.163,83.394,77.454,68.952,75.619,81.414,79.623,79.725,73.273,76.41,86.055,102.137,117.628,87.232,80.356,70.732,84.035,83.322,83.624,81.681,74.715,77.886,98.47,99.61,121.698,87.885,82.222,76.184,82.649,85.398,87.484,82.298,78.582,83.862,81.494,117.834,129.088,91.465,84.63,78.062,89.474,90.693,91.668,83.283,79.134,83.692,95.91,112.118,127.948,90.989,85.955,79.165,88.917,93.242,91.16,82.768,81.446,82.433,77.452,122.182,130.542,87.722,84.942,76.307,83.687,94.303,89.905,83.082,80.142,77.077,75.048,119.901,123.273,89.501,82.043,74.041,75.466,86.82,79.604,79.191,72.01,71.919,87.005,99.967,107.019,77.25,72.062,71.996,77.758,80.621,79.954,72.291,63.574,69.295,58.178,100.261,105.31,73.566,66.622,72.166,75.585,79.787,81.686,78.84,67.349,80.703,73.292,105.51,109.558,79.747,74.573,69.271,67.069,77.28,79.622,72.546,68.002,72.379,78.549,90.526,95.429,67.127,61.192,59.587,61.581,72.361,69.017,63.893,64.503,62.231,57.135,99.434,98.789,59.884,60.957,54.225,51.814,62.596,62.466,59.035,51.612,58.269,56.423,84.526,87.688,59.105,54.056,48.016,52.189,60.508,58.482,52.047,48.632,48.519,49.766,72.53,84.393,57.452,51.772,45.094,48.942,49.427,50.214,39.885,33.616,46.3,48.301,82.17,89.134,61.51,51.615,48.662,52.082,55.714,53.095,51.684,46.035,53.171,59.644,67.744,89.845,54.615,51.539,46.763,54.056,58.34,57.356,52.156,49.968,53.595,51.045,80.121,85.592,56.736,52.48,50.893,56.537,58.878,52.689,49.214,48.885,52.082,58.547,80.067,78.218,55.541,51.634,48.099,52.088,52.669,54.531,52.706,44.243,51.625,57.791,66.707,66.528,46.649,43.263,42.246,42.247,46.023,51.937,44.435,38.726,43.573,41.727,72.515,71.218,51.045,45.771,47.774,49.969,59.065,53.825,46.148,45.598,51.534,55.373,75.271,81.683,58.352,57.319,55.633,52.534,56.503,53.839,46.388,45.464,59.44,63.356,64.715,73.96,55.742,52.425,53.404,51.935,54.817,50.358,51.663,50.195,56.884,51.283,83.042,79.67,60.202,56.014,54.111,54.002,62.268,50.63,51.826,45.681,63.084,60.637,68.468,77.984,54.002,54.274,54.6,50.521,54.492,51.99,49.162,44.322,55.633,44.811,69.338,na,na,na,na,na,na,na,na,na,na,na,na,na,na,na,na,na,na,na,na,na,na,na,na,na,na,na,na,na,na,na,na,na,na,na,na,na,na,na,na,na,na,na,na,na,na,na,na,na,na,na,na,na,na,na,na,na,na,na,na,na,na,na,na,na,na,na,na,na,na,na,na,na,na,na,na,na,na,na,na,na,na,na,na,na,na,na,na,na,na,na,na,na,na,na,na
  Furniture & Household Equipment,101.099,118.072,116.508,97.952,92.466,102.545,97.277,96.958,98.345,91.589,103.077,85.43,99.781,121.956,109.337,97.521,93.388,95.882,94.949,93.836,97.692,94.96,98.769,81.024,101.563,125.163,106.43,92.083,90.73,95.967,98.851,95.316,96.671,98.128,98.511,81.634,96.709,135.712,113.492,99.671,95.302,98.313,98.836,95.309,97.896,100.022,104.016,77.625,112.206,121.15,114.407,97.158,90.943,90.175,89.536,94.396,92.678,84.137,89.486,75.553,106.862,117.739,106.265,89.619,86.192,93.705,91.586,66.025,33.63,50.268,87.28,67.337,82.84,97.213,83.422,79.318,76.577,77.214,83.564,83.954,88.242,79.418,85.489,62.882,101.815,106.225,93.559,88.281,84.413,86.005,91.211,99.378,94.446,84.349,89.251,74.536,101.959,111.081,91.263,85.949,82.629,86.722,89.382,99.049,85.367,78.925,85.098,69.27,93.265,107.988,86.999,84,84.691,81.69,95.07,97.847,87.844,81.915,84.204,68.975,105.416,105.441,88.836,84.93,83.891,86.672,97.012,92.146,85.379,83.868,81.109,78.896,105.092,110.87,88.969,90.107,85.995,84.154,102.839,96.2,86.697,86.335,87.726,71.578,106.302,116.022,93.14,91.942,91.237,94.917,99.947,96.672,87.252,89.36,93.521,79.673,110.147,120.516,96.84,98.218,94.177,100.526,99.977,99.678,97.051,92.345,101.407,86.406,109.291,120.85,96.095,98.204,92.383,98.459,100.309,97.43,98.203,91.025,96.252,77.024,111.659,119.203,97.957,93.763,95.372,96.87,96.899,94.949,93.38,90.719,92.681,72.326,104.552,105.447,87.453,85.71,92.755,85.595,93.699,88.751,85.879,81.706,82.625,69.795,87.269,102.912,81.665,88.607,94.942,85.436,96.669,92.887,91.825,88.286,105.529,81.336,111.895,114.463,89.214,92.634,87.195,80.433,87.338,109.243,90.931,87.376,91.618,79.871,101.319,110.499,81.173,85.99,78.18,72.424,77.492,74.467,81.085,75.429,79.088,67.689,89.941,99.972,80.646,84.555,72.694,70.546,79.431,74.424,75.796,73.951,79.957,64.534,87.365,96.651,79.336,72.601,65.453,68.421,73.091,71.011,66.219,65.476,66.158,59.497,75.523,93.634,75.055,67.616,58.082,61.034,62.223,62.811,61.057,59.848,60.526,51.549,75.311,96.003,81.065,69.599,63.137,63.23,75.952,66.283,65.881,62.925,66.223,56.956,82.577,93.184,78.282,65.147,62.011,65.155,68.888,66.537,63.371,60.312,61.779,56.657,75.324,95.358,75.798,72.076,67.804,63.231,76.888,68.836,67.193,66.89,72.574,59.737,93.038,87.536,71.46,69.379,66.487,63.449,74.209,69.823,64.003,61.214,60.18,58.994,88.248,88.826,64.979,59.677,55.597,60.334,62.297,61.284,65.234,57.09,63.96,53.989,83.688,81.785,72.471,62.752,62.565,59.933,65.597,72.223,60.099,54.147,60.014,50.972,85.574,84.046,69.161,56.629,58.422,50.664,60.374,57.674,54.786,49.625,52.902,54.172,71.821,73.199,56.302,51.42,52.611,51.042,52.153,53.979,49.665,41.548,53.445,46.452,64.616,65.262,46.372,53.37,50.921,43.615,47.675,45.988,39.121,37.737,80.423,51.815,70.517,71.901,53.519,54.666,49.026,49.972,52.681,44.408,48.821,42.613,54.96,44.15,54.423,57.251,50.164,48.478,50.411,45.503,46.941,47.288,45.156,50.61,54.921,43.917,60.523,63.496,51.402,52.542,46.198,45.454,48.627,48.28,50.461,47.685,46.942,39.506,54.03,65.73,47.309,47.54,43.259,43.616,43.114,41.166,46.397,44.78,45.231,42.088,49.132,60.449,54.348,41.332,39.858,46.555,39.544,39.516,41.964,41.762,42.296,31.836,43.487,47.83,40.988,41.891,41.318,41.084,39.773,39.213,40.625,40.311,40.133,35.06,42.226,44.388,40.993,40.608,38.066,40.816,38.799,42.749,39.287,36.47,39.595,37.024,39.35,39.605,32.125,37.998,31.905,27.397,35.615,38.318,37.078,32.648,37.8,38.841,46.864,49.309,40.46,36.67,38.209,36.606,40.238,44.687,53.348,47.036,48.711,48.844,60.321
  Recreational Goods,106.59,143.637,113.643,112.069,102.371,108.566,92.009,93.923,90.821,83.796,92.122,77.897,89.146,120.715,98.581,90.822,85.855,95.025,87.847,91.446,88.506,82.674,93.141,87.018,92.297,121.061,95.756,89.376,88.428,95.608,93.632,98.847,91.392,89.672,89.582,81.807,97.666,137.056,107.368,97.762,91.19,92.961,97.176,98.715,99.141,88.284,87.503,72.865,88.749,127.051,91.783,79.408,77.148,83.027,80.519,77.621,73.012,81.717,89.071,74.208,84.68,126.464,95.475,83.659,80.925,88.311,84.987,50.688,23.397,29.721,69.796,63.667,78.432,113.763,85.021,76.159,75.339,85.242,81.826,81.192,80.353,78.946,86.306,70.616,79.771,111.402,85.915,78.236,81.24,87.017,85.165,83.842,79.971,79.861,87.046,73.913,77.953,118.32,85.908,80.1,79.163,82.849,83.09,77.455,81.113,80.718,85.128,75.807,82.352,110.992,78.293,79.592,77.486,78.582,82.724,74.621,83.974,80.394,79.66,73.903,83.4,107.538,77.253,75.348,72.629,88.957,87.332,84.503,84.844,78.185,83.91,76.492,82.372,109.393,82.786,85.998,79.814,88.432,84.102,86.772,96.253,82.052,90.372,81.861,97.024,121.092,86.553,86.274,87.062,102.247,91.83,100.811,94.595,91.314,94.211,87.143,86.989,122.452,84.73,85.988,86.308,93.869,92.216,100.126,95.788,91.311,90.495,86.511,93.114,126.762,83.908,87.894,82.113,89.245,95.871,96.223,93.863,91.821,87.101,80.711,95.317,128.624,79.689,81.106,81.373,85.068,91.195,91.743,91.881,84.523,88.483,82.642,87.488,122.891,84.38,81.642,81.155,83.946,88.577,90.788,89.346,81.286,84.279,75.078,84.545,117.516,82.023,79.964,77.634,85.096,86.346,95.165,95.294,81.217,86.651,80.471,82.623,125.166,94.133,85.279,80.664,89.213,87.488,103.386,92.855,84.346,87.522,78.237,83.341,120.631,82.887,80.722,76.183,79.625,82.813,81.154,85.04,84.227,83.192,74.64,84.359,116.081,84.224,84.078,78.448,81.888,83.93,82.502,77.803,78.846,77.377,75.834,84.017,108.934,77.272,70.595,74.947,70.04,76.285,79.665,72.849,67.63,67.659,67.743,72.317,116.716,76.581,70.744,58.042,68.056,67.224,74.269,60.908,53.959,61.275,56.867,68.947,102.126,71.972,68.263,62.744,66.35,71.545,72.384,69.258,65.081,71.116,59.877,65.334,103.415,72.401,64.982,66.628,72.346,75.58,78.875,76.576,69.739,75.231,62.755,74.827,119.884,78.877,74.864,69.472,70.14,74.855,83.898,77.039,73.669,78.05,69.189,77.145,110.787,79.42,73.532,69.001,71.458,79.138,76.82,68.32,70.906,73.266,61.446,63.511,90.668,60.844,62.239,57.205,61.355,69.68,63.411,61.939,66.251,63.196,61.077,70.746,98.882,70.772,66.148,66.107,70.04,83.296,78.058,70.869,74.535,80.143,71.937,83.789,102.89,80.94,79.416,73.852,64.325,66.078,65.545,53.808,61.277,58.838,52.207,67.679,81.931,62.648,57.466,55.56,57.009,54.493,53.96,56.246,55.332,59.752,59.295,70.803,94.43,69.203,65.926,66.612,66.231,79.568,67.069,61.429,65.468,94.887,64.325,82.845,102.356,75.605,78.044,77.205,75.681,76.672,87.723,81.626,84.903,85.589,76.291,90.314,na,na,na,na,na,na,na,na,na,na,na,na,na,na,na,na,na,na,na,na,na,na,na,na,na,na,na,na,na,na,na,na,na,na,na,na,na,na,na,na,na,na,na,na,na,na,na,na,na,na,na,na,na,na,na,na,na,na,na,na,na,na,na,na,na,na,na,na,na,na,na,na,na,na,na,na,na,na,na,na,na,na,na,na,na,na,na,na,na,na,na,na,na,na,na,na
  Watches & Jewellery,115.522,119.73,99.132,116.597,90.971,105.537,93.485,87.877,97.831,93.359,105.329,89.827,100.326,111.5,94.377,96.325,78.471,90.995,84.539,82.694,98.181,82.075,89.314,87.687,83.693,119.472,91.962,90.892,79.073,88.748,83.981,84.093,91.422,82.689,77.285,74.638,79.275,112.517,80.63,86.136,79.46,81.429,82.107,79.109,88.988,78.32,75.339,73.583,83.613,94.951,70.56,66.319,58.283,62.077,57.741,50.513,54.395,61.808,65.137,67.357,63.721,74.862,61.186,51.569,51.606,57.572,52.255,28.277,2.482,8.274,40.639,49.657,69.28,83.247,66.089,67.927,61.34,65.234,65.518,61.207,71.729,63.492,64.1,66.858,68.433,76.223,65.028,63.25,64.16,71.451,69.651,64.198,68.312,64.811,66.747,73.339,65.399,80.843,63.744,67.225,60.008,66.763,67.77,68.167,67.531,64.287,63.145,67.647,73.06,84.926,62.683,64.585,57.137,65.368,64.034,58.744,66.174,56.599,60.882,69.858,72.986,84.315,67.114,63.443,60.562,74.871,71.073,59.589,68.515,63.116,65.323,74.978,79.527,83.518,67.58,68.67,61.88,66.586,63.383,61.001,68.359,62.334,64.571,74.229,78.616,83.364,64.009,64.817,61.825,68.407,68.924,67.528,75.522,74.099,66.869,72.535,70.425,88.694,66.074,67.442,62.147,67.44,66.457,65.037,70.516,69.397,66.069,66.435,75.297,88.646,64.872,69.667,63.337,68.868,69.595,71.783,72.12,66.847,60.123,62.484,69.55,79.503,60.872,61.403,58.124,55.517,54.536,54.511,58.073,51.798,52.387,53.649,56.728,72.879,53.263,53.699,52.721,50.062,46.49,44.371,47.087,44.986,40.69,47.692,47.923,62.442,47.295,57.468,50.927,55.478,49.876,51.465,57.233,47.645,55.106,53.299,59.594,72.143,59.372,56.791,51.985,49.065,48.292,65.452,53.752,47.66,48.613,52.664,53.65,68.827,51.386,52.832,44.47,46.275,45.234,43.324,55.725,45.592,43.979,47.254,52.637,65.255,49.425,52.676,46.809,45.556,46.948,46.196,48.049,44.865,49.166,46.484,53.57,58.389,51.305,47.122,43.535,38.392,40.806,42.578,42.908,40.194,38.578,44.539,43.796,57.938,48.954,45.435,38.991,35.949,39.64,46.132,32.764,27.296,38.113,28.804,35.862,51.231,38.121,38.37,33.443,34.762,41.013,36.51,40.867,36.846,35.275,34.272,40.022,52.183,39.266,34.248,31.945,33.764,38.967,36.103,42.999,33.55,34.665,37.96,37.317,48.301,47.601,35.214,34.202,34.166,35.688,31.755,41.69,31.687,34.076,33.983,37.569,47.143,39.744,35.255,37.428,36.11,36.092,39.358,36.85,31.128,35.17,35.768,36.974,44.61,37.914,32.513,31.692,29.557,33.841,27.57,32.767,31.893,33.077,33.332,42.916,48.56,50.449,40.124,41.656,46.002,58.926,36.053,42.018,41.642,44.251,50.918,52.749,55.15,47.634,41.547,39.564,34.63,37.904,33.293,38.412,35.23,40.394,47.634,46.666,51.784,44.683,43.438,40.809,37.397,38.458,35.322,41.224,33.847,38.135,37.397,51.876,51.784,44.452,40.394,42.931,38.135,35.691,30.665,36.936,28.359,77.146,46.62,52.614,58.009,46.435,46.112,42.838,40.026,41.686,42.239,47.957,44.083,50.77,52.061,68.754,na,na,na,na,na,na,na,na,na,na,na,na,na,na,na,na,na,na,na,na,na,na,na,na,na,na,na,na,na,na,na,na,na,na,na,na,na,na,na,na,na,na,na,na,na,na,na,na,na,na,na,na,na,na,na,na,na,na,na,na,na,na,na,na,na,na,na,na,na,na,na,na,na,na,na,na,na,na,na,na,na,na,na,na,na,na,na,na,na,na,na,na,na,na,na,na
  Computer & Telecommunications Equipment,96.247,138.033,116.486,118.755,109.186,84.911,87.075,84.491,92.622,94.13,105.468,84.497,84.347,116.16,107.589,112.201,116.109,82.695,82.109,79.806,84.02,79.631,97.257,78.833,85.188,129.261,116.575,122.51,117.673,86.566,84.388,84.654,85.35,81.412,103.614,86.674,89.865,128.136,115.064,129.259,130.611,77.891,80.353,78.991,81.703,83.376,107.798,69.161,85.616,124.665,116.357,125.356,105.066,72.144,75.119,77.715,77.775,70.788,85.416,63.368,79.463,116.575,124.039,71.83,63.597,69.661,71.937,68.204,46.479,59.201,70.618,54.778,63.446,92.238,96.189,87.79,86.27,61.796,56.626,56.041,57.557,60.739,68.469,55.437,68.243,98.318,93.792,87.955,75.623,61.988,60.772,60.31,60.94,64.759,71.303,57.745,78.103,120.904,107.796,76.307,81.065,64.388,66.822,68.542,66.012,69.463,77.822,70.445,79.616,100.684,94.391,96.397,87.67,66.196,65.294,68.546,66.951,69.852,80.322,68.61,79.677,110.812,106.833,104.076,95.714,81.421,78.362,85.213,81.172,90.875,94.792,82.202,113.769,156.12,117.242,129.858,97.994,81.25,75.017,91.315,85.733,87.641,97.755,82.366,95.846,125.722,111.097,98.824,96.109,83.981,88.364,104.267,100.659,87.462,101.43,92.806,97.94,131.723,124.581,115.429,114.021,90.49,96.61,113.979,94.022,97.468,113.742,87.167,104.085,146.579,129.933,106.945,100.432,90.883,98.97,102.11,90.2,88.188,104.152,82.024,97.072,115.759,101.519,87.315,107.907,93.019,76.816,79.289,80.03,82.253,104.554,78.577,94.22,114.018,91.906,88.623,90.824,81.861,83.721,86.259,78.42,78.239,101.512,72.799,74.439,96.349,88.759,83.647,96.027,95.076,79.785,76.579,76.639,80.977,101.396,74.348,85.259,103.766,85.061,80.027,85.853,75.362,78.041,93.567,77.136,77.232,87.023,61.704,69.009,90.869,68.848,66.516,76.624,68.71,73.562,74.073,78.804,76.633,81.902,70.757,70.402,80.74,67.605,68.129,72.71,74.861,71.722,74.199,67.232,72.072,79.147,61.957,82.484,85.013,67.854,58.708,61.489,66.418,67.942,77.89,67.339,68.052,78.55,70.502,69.444,77,66.979,61.066,61.237,65.451,66.945,67.865,76.983,70.202,75.547,62.374,69.316,93.152,67.734,71.435,56.38,66.453,69.184,67.347,68.567,60.646,67.076,52.886,69.34,79.711,59.033,57.123,60.09,73.275,70.519,78.697,69.581,71.805,98.058,82.557,111.05,98.126,74.25,75.904,85.461,81.627,85.522,89.258,90.393,87.448,109.006,75.039,67.168,74.089,64.481,63.087,61.907,64.66,62.578,65.436,64.608,64.336,67.942,51.818,51.39,54.58,48.55,53.424,49.079,58.844,55.502,66.989,54.884,68.381,89.457,68.232,55.103,77.389,76.771,94.065,83.877,88.968,100.27,86.179,85.189,85.089,89.438,68.201,113.739,82.011,78.775,81.398,82.797,81.224,86.557,100.196,86.469,82.797,83.934,66.01,80.524,85.333,73.792,60.24,65.573,67.672,64.962,55.431,68.371,61.901,58.316,47.125,42.841,50.797,43.541,35.41,36.197,42.754,36.021,32,23.257,30.338,42.667,31.038,25.355,24.655,20.983,29.552,21.333,19.148,31.301,34.623,18.011,23.869,27.366,21.595,18.623,na,na,na,na,na,na,na,na,na,na,na,na,na,na,na,na,na,na,na,na,na,na,na,na,na,na,na,na,na,na,na,na,na,na,na,na,na,na,na,na,na,na,na,na,na,na,na,na,na,na,na,na,na,na,na,na,na,na,na,na,na,na,na,na,na,na,na,na,na,na,na,na,na,na,na,na,na,na,na,na,na,na,na,na,na,na,na,na,na,na,na,na,na,na,na,na
  Optical Goods & Books,108.503,146.684,117.536,93.212,91.15,104.069,98.712,90.711,95.693,88.516,91.833,84.603,97.281,139.263,112.198,87.257,88.616,94.206,89.598,85.318,91.359,88.991,94.911,82.844,101.223,142.416,115.288,92.788,90.63,97.441,97.794,97.357,98.142,94.433,97.464,91.861,103.998,156.204,119.845,92.402,87.168,97.153,93.414,89.801,92.091,88.094,91.563,76.593,101.314,150.234,112.977,78.846,78.828,85.917,85.793,78.701,80.201,89.253,98.712,83.519,107.897,156.655,124.497,95.044,87.858,96.852,94.893,67.243,20.634,44.536,95.329,94.495,113.758,171.268,130.391,108.339,106.352,118.037,118.088,107.137,110.707,112.347,117.315,98.119,129.75,173.451,131.584,116.363,107.642,120.083,117.978,107.627,116.495,117.523,124.419,105.511,132.225,178.771,137.876,118.361,110.834,123.32,123.813,110.468,118.829,118.981,124.025,115.939,128.307,165.589,128.735,116.241,112.067,125.676,130.898,118.384,126.342,126.781,115.17,115.006,153.143,164.23,130.588,118.242,113.919,131.446,136.478,125.371,136.258,136.546,133.663,121.268,154.417,173.129,140.709,132.283,125.831,146.157,141.582,138.719,146.738,139.484,135.075,130.654,151.791,183.604,150.032,131.583,129.674,136.489,144.88,137.279,137.32,139.668,147.12,122.929,150.101,179.869,136.35,124.753,123.707,127.873,135.679,133.478,129.003,132.994,140.314,132.683,146.726,180.862,142.846,128.847,119.808,127.224,137.857,134.387,137.906,140.606,147.667,129.407,157.876,186.387,148.872,133.734,128.419,134.643,143.714,139.612,144.334,138.517,144.69,119.972,158.132,173.748,139.182,133.484,130.162,135.744,133.597,133.262,130.633,130.041,141.275,132.248,137.55,173.376,142.096,139.895,136.8,141.897,142.475,139.756,134.164,131.119,154.01,120.563,145.303,178.167,141.68,137.367,135.132,138.622,135.254,138.209,133.51,140.058,138.455,108.892,140.702,163.07,128.569,125.552,132.134,131.342,124.929,118.626,121.724,117.217,124.566,119.747,123.497,161.518,123.227,127.492,124.3,136.219,137.687,128.975,117.617,127.692,133.349,105.742,132.834,173.128,122.388,108.371,110.251,117.477,121.095,131.883,118.662,119.19,129.783,119.611,127.487,174.311,128.515,110.123,113.357,119.867,128.965,134.461,106.339,97.541,121.92,102.592,129.275,168.466,131.531,106.79,107.631,116.618,121.584,114.177,114.014,106.982,124.157,96.166,131.689,157.977,117.647,98.859,99.285,109.999,113.585,109.678,108.187,106.226,121.22,111.817,120.45,152.056,121.229,105.755,113.097,111.105,116.506,107.706,109.721,106.574,114.79,98.636,121.973,140.706,119.647,100.99,100.648,106.223,98.971,101.77,100.094,91.302,102.651,80.841,110.424,128.81,103.259,89.262,87.822,92.341,88.73,91.155,92.651,89.424,105.925,94.685,102.026,132.93,109.465,97.576,102.976,104.065,105.904,103.49,102.468,101.586,117.997,92.385,114.954,137.365,112.615,93.434,94.078,98.685,101.364,96.435,98.47,94.292,104.149,83.041,105.114,127.08,100.721,85.292,84.434,87.863,94.184,83.149,87.97,84.434,93.112,79.398,89.684,119.364,94.827,83.149,83.149,81.648,87.327,80.684,79.183,70.826,98.042,73.397,92.363,117.543,87.327,72.434,75.648,74.897,75.648,74.147,72.54,69.219,74.147,69.861,77.791,na,na,na,na,na,na,na,na,na,na,na,na,na,na,na,na,na,na,na,na,na,na,na,na,na,na,na,na,na,na,na,na,na,na,na,na,na,na,na,na,na,na,na,na,na,na,na,na,na,na,na,na,na,na,na,na,na,na,na,na,na,na,na,na,na,na,na,na,na,na,na,na,na,na,na,na,na,na,na,na,na,na,na,na,na,na,na,na,na,na,na,na,na,na,na,na
  Others,97.334,104.334,98.868,97.534,95.879,103.135,99.008,90.042,98.4,102.829,101.32,94.332,114.32,116.137,106.728,109.496,104.503,99.638,103.69,100.951,114.206,103.102,102.764,99.179,113.578,117.668,104.464,100.286,99.782,106.983,104.868,105.05,110.494,102.364,104.753,97.893,108.754,118.54,105.359,108.297,104.388,100.447,107.153,102.491,102.835,98.016,94.086,78.64,100.693,104.811,91.586,88.114,89.258,85.808,91.494,85.654,82.621,91.48,94.94,85.723,99.669,107.516,96.831,95.216,91.546,96.415,99.893,67.636,34.409,44.941,102.032,104.241,110.187,122.485,117.787,118.808,117.918,118.674,119.951,115.66,122.184,112.352,116.921,104.221,126.976,130.925,123.879,125.5,121.94,123.44,119.609,118.564,119.51,117.721,116.454,107.705,120.868,127.612,119.573,120.405,120.125,117.796,114.192,113.381,117.838,107.056,116.82,114.809,116.489,130.546,117.8,116.289,117.599,116.862,117.763,117.171,115.661,111.679,119.545,105.422,124.808,123.433,109.912,113.296,111.9,111.745,109.365,105.127,113.218,110.345,107.598,106.72,115.11,114.078,106.719,108.17,99.609,105.822,101.542,98.198,98.146,97.289,99.53,90.97,117.659,115.727,104.341,106.715,106.346,110.932,110.412,107.854,109.98,109.596,116.496,96.095,112.869,114.662,105.457,103.132,104.834,113.141,106.371,106.043,105.179,106.909,112.236,105.754,112.986,120.658,105.677,107.529,105.363,108.014,108.504,107.053,100.904,102.653,109.711,88.471,118.149,115.805,105.763,101.004,102.594,97.545,102.502,100.077,95.952,92.551,98.254,93.965,100.415,109.169,95.391,99.314,97.845,96.64,101.571,94.844,92.455,93.643,97.635,82.452,99.739,108.958,99.794,109.535,114.185,103.672,110.583,104.875,109.179,106.132,101.097,92.369,117.726,113.057,106.157,108.476,99.998,99.469,102.399,102.515,101.203,88.45,105.221,83.857,96.974,100.001,96.242,92.058,100.805,94.108,91.273,91.918,86.712,90.013,99.597,79.267,88.898,94.083,89.385,86.123,83.996,81.96,86.206,83.542,78.478,86.026,81.574,65.245,82.576,95.151,80.329,77.13,81.598,81.003,78.662,75.911,88.288,76.702,97.906,76.57,87.025,79.081,66.879,70.795,65.215,70.725,61.939,61.62,69.284,75.383,82.258,66.379,88.578,90.565,92.544,88.444,78.515,78.314,76.731,76.871,79.629,80.901,79.685,51.115,92.79,74.99,82.745,78.269,73.179,89.944,67.079,65.411,58.251,67.581,69.959,67.874,72.133,74.071,66.88,68.391,67.549,64.992,66.194,68.617,61.435,68.534,63.639,52.773,81.018,71.161,62.341,59.209,59.279,64.551,60.529,58.873,62.375,59.605,60.175,55.08,58.863,63.177,53.165,59.973,55.261,56.726,58.583,62.062,61.71,81.964,56.458,62.155,73.206,61.732,57.065,63.519,58.418,61.285,67.547,61.514,65.091,68.952,62.256,54.776,82.231,70.77,70.069,68.349,66.311,74.4,69.941,63.126,64.527,63.316,68.349,62.297,73.445,68.859,66.311,61.915,67.138,74.273,63.89,65.864,63.763,58.348,67.138,61.406,76.885,75.356,69.75,67.075,67.648,68.667,64.336,63.508,57.966,55.482,87.713,64.272,89.051,82.49,73.063,69.241,70.196,72.553,67.521,73.126,69.559,69.623,83.445,81.662,80.07,na,na,na,na,na,na,na,na,na,na,na,na,na,na,na,na,na,na,na,na,na,na,na,na,na,na,na,na,na,na,na,na,na,na,na,na,na,na,na,na,na,na,na,na,na,na,na,na,na,na,na,na,na,na,na,na,na,na,na,na,na,na,na,na,na,na,na,na,na,na,na,na,na,na,na,na,na,na,na,na,na,na,na,na,na,na,na,na,na,na,na,na,na,na,na,na
"Total (Excluding Motor Vehicles, Parts & Accessories)",106.001,114.008,105.179,102.788,95.479,101.959,98.665,92.025,98.579,92.536,101.088,88.648,109.046,112.01,100.886,99.679,94.302,97.222,94.594,91.468,98.959,91.415,98.442,94.478,103.806,116.18,101.595,98.492,95.516,98.445,96.818,94.215,98.704,95.522,96.329,86.4,106.004,119.324,100.536,99.851,94.893,94.589,96.107,92.078,97.125,91.686,92.659,77.482,104.201,108.34,91.842,86.959,81.094,80.965,80.807,76.571,78.93,77.958,81.359,78.932,89.485,99.698,87.754,77.874,74.653,80.662,79.07,63.854,48.47,55.849,77.83,73.021,98.16,103.896,89.871,87.52,85.244,88.095,85.836,83.936,87.596,82.288,86.676,81.084,99.374,103.94,90.824,88.056,85.395,89.146,87.612,86.069,87.901,83.667,87.323,90.355,94.251,107.044,89.997,87.323,84.08,87.109,87.375,86.276,85.985,82.401,84.943,79.339,101.35,104.346,85.891,86.378,81.571,84.515,86.338,83.218,86.04,80.449,83.987,83.065,98.591,103.707,88.112,86.916,83.362,90.079,89.053,85.214,88.786,83.434,85.628,91.153,96.827,107.701,89.827,90.917,84.929,88.399,88.368,87.599,88.285,84.035,88.513,80.47,106.396,107.735,89.062,87.673,85.52,90.25,89.634,90.308,89.694,85.692,89.747,89.145,96.851,107.325,88.717,88.817,85.921,88.824,87.83,88.218,87.354,85.593,88.921,81.318,102.48,108.039,87.265,87.878,82.444,86.004,88.472,86.116,86.599,82.964,83.65,75.035,98.977,100.37,82.623,80.961,80.074,79.912,79.903,77.87,80.279,75.161,78.273,77.107,85.092,92.141,76.113,75.712,76.18,75.977,76.079,75.206,74.938,70.135,73.452,64.546,84.077,89.24,73.328,76.503,77.239,77.902,77.668,76.833,78.795,72.555,78.548,71.782,86.361,91.357,74.478,73.903,71.388,70.08,71.179,77.997,72.705,67.286,69.822,69.38,74.18,83.067,65.67,66.996,65.018,64.552,66.04,64.605,67.723,63.631,64.37,57.263,77.123,78.558,62.56,65.665,61.119,61.14,63.382,61.225,61.022,58.42,61.228,56.845,70.36,74.57,60.28,57.725,55.561,56.024,57.54,58.356,57.482,53.457,56.194,52.938,65.736,71.46,57.01,54.837,50.661,52.315,52.123,53.918,49.984,46.558,53.075,45.759,65.311,71.105,57.934,54.755,51.186,52.529,54.764,53.303,54.193,50.343,53.129,50.525,60.059,68.155,54.63,50.808,49.654,53.158,53.184,53.292,52.433,49.495,52.954,48.803,63.302,69.241,55.252,52.628,51.843,51.525,54.158,52.582,52.696,50.323,52.371,49.015,63.98,63.969,52.226,49.938,48.447,49.512,50.156,51.309,50.146,45.54,47.678,48.997,54.732,58.187,47.011,45.842,43.7,45.04,46.701,46.97,47.18,45.981,47.477,43.454,60.518,60.385,52.452,49.835,49.001,50.918,56.72,51.992,50.459,48.571,51.395,50.102,64.806,64.618,54.232,50.648,49.447,48.654,52.025,49.156,48.239,45.723,49.208,53.388,55.762,60.559,50.049,47.723,47.131,47.838,49.263,45.959,47.133,42.807,47.545,42.12,58.986,58.863,47.838,46.857,45.757,45.464,47.18,42.046,41.978,38.065,57.928,47.309,55.174,59,46.591,46.194,44.684,44.661,44.725,43.72,43.576,40.349,46.594,41.595,53.202,54.823,44.894,43.858,43.556,44.851,43.901,42.088,42.305,41.182,45.067,41.743,51.845,51.801,43.816,43.816,41.052,43.254,42.175,41.441,41.916,39.714,41.7,41.225,46.19,52.232,42.94,42.098,40.762,43.769,43.728,41.363,41.422,41.001,43.165,39.489,48.77,51.378,43.822,41.023,40.535,42.06,39.792,37.604,38.584,37.307,39.827,36.897,44.257,46.482,39.049,38.093,37.318,38.44,37.346,35.374,36.759,34.6,37.639,37.695,37.7,42.432,36.27,35.43,33.969,34.921,33.791,33.223,33.956,31.415,32.794,29.765,35.443,34.734,28.459,27.631,26.821,27.812,27.77,26.05,28.055,26.179,28.034,29.256,34.88,36.223,30.887,28.826,29.269,30.753,29.259,29.335,31.192,29.459,35.277,38.989,38.994
,,,,,,,,,,,,,,,,,,,,,,,,,,,,,,,,,,,,,,,,,,,,,,,,,,,,,,,,,,,,,,,,,,,,,,,,,,,,,,,,,,,,,,,,,,,,,,,,,,,,,,,,,,,,,,,,,,,,,,,,,,,,,,,,,,,,,,,,,,,,,,,,,,,,,,,,,,,,,,,,,,,,,,,,,,,,,,,,,,,,,,,,,,,,,,,,,,,,,,,,,,,,,,,,,,,,,,,,,,,,,,,,,,,,,,,,,,,,,,,,,,,,,,,,,,,,,,,,,,,,,,,,,,,,,,,,,,,,,,,,,,,,,,,,,,,,,,,,,,,,,,,,,,,,,,,,,,,,,,,,,,,,,,,,,,,,,,,,,,,,,,,,,,,,,,,,,,,,,,,,,,,,,,,,,,,,,,,,,,,,,,,,,,,,,,,,,,,,,,,,,,,,,,,,,,,,,,,,,,,,,,,,,,,,,,,,,,,,,,,,,,,,,,,,,,,,,,,,,,,,,,,,,,,,,,,,,,,,,,,,,,,,,,,,,,,,,
Definitions and Footnotes:,,,,,,,,,,,,,,,,,,,,,,,,,,,,,,,,,,,,,,,,,,,,,,,,,,,,,,,,,,,,,,,,,,,,,,,,,,,,,,,,,,,,,,,,,,,,,,,,,,,,,,,,,,,,,,,,,,,,,,,,,,,,,,,,,,,,,,,,,,,,,,,,,,,,,,,,,,,,,,,,,,,,,,,,,,,,,,,,,,,,,,,,,,,,,,,,,,,,,,,,,,,,,,,,,,,,,,,,,,,,,,,,,,,,,,,,,,,,,,,,,,,,,,,,,,,,,,,,,,,,,,,,,,,,,,,,,,,,,,,,,,,,,,,,,,,,,,,,,,,,,,,,,,,,,,,,,,,,,,,,,,,,,,,,,,,,,,,,,,,,,,,,,,,,,,,,,,,,,,,,,,,,,,,,,,,,,,,,,,,,,,,,,,,,,,,,,,,,,,,,,,,,,,,,,,,,,,,,,,,,,,,,,,,,,,,,,,,,,,,,,,,,,,,,,,,,,,,,,,,,,,,,,,,,,,,,,,,,,,,,,,,,,,,,,,,,,
Retail sales refer to the sale of consumer goods to the public for personal or household consumption. Link to latest RSI/FSI release is available via https://www.singstat.gov.sg/find-data/explore-data-themes/industry/services/latest-news-data. Relevant methodology paper is available via https://www.singstat.gov.sg/find-data/explore-data-themes/industry/services/related-information,,,,,,,,,,,,,,,,,,,,,,,,,,,,,,,,,,,,,,,,,,,,,,,,,,,,,,,,,,,,,,,,,,,,,,,,,,,,,,,,,,,,,,,,,,,,,,,,,,,,,,,,,,,,,,,,,,,,,,,,,,,,,,,,,,,,,,,,,,,,,,,,,,,,,,,,,,,,,,,,,,,,,,,,,,,,,,,,,,,,,,,,,,,,,,,,,,,,,,,,,,,,,,,,,,,,,,,,,,,,,,,,,,,,,,,,,,,,,,,,,,,,,,,,,,,,,,,,,,,,,,,,,,,,,,,,,,,,,,,,,,,,,,,,,,,,,,,,,,,,,,,,,,,,,,,,,,,,,,,,,,,,,,,,,,,,,,,,,,,,,,,,,,,,,,,,,,,,,,,,,,,,,,,,,,,,,,,,,,,,,,,,,,,,,,,,,,,,,,,,,,,,,,,,,,,,,,,,,,,,,,,,,,,,,,,,,,,,,,,,,,,,,,,,,,,,,,,,,,,,,,,,,,,,,,,,,,,,,,,,,,,,,,,,,,,,,
Total -> Food & Alcohol (Index):,,,,,,,,,,,,,,,,,,,,,,,,,,,,,,,,,,,,,,,,,,,,,,,,,,,,,,,,,,,,,,,,,,,,,,,,,,,,,,,,,,,,,,,,,,,,,,,,,,,,,,,,,,,,,,,,,,,,,,,,,,,,,,,,,,,,,,,,,,,,,,,,,,,,,,,,,,,,,,,,,,,,,,,,,,,,,,,,,,,,,,,,,,,,,,,,,,,,,,,,,,,,,,,,,,,,,,,,,,,,,,,,,,,,,,,,,,,,,,,,,,,,,,,,,,,,,,,,,,,,,,,,,,,,,,,,,,,,,,,,,,,,,,,,,,,,,,,,,,,,,,,,,,,,,,,,,,,,,,,,,,,,,,,,,,,,,,,,,,,,,,,,,,,,,,,,,,,,,,,,,,,,,,,,,,,,,,,,,,,,,,,,,,,,,,,,,,,,,,,,,,,,,,,,,,,,,,,,,,,,,,,,,,,,,,,,,,,,,,,,,,,,,,,,,,,,,,,,,,,,,,,,,,,,,,,,,,,,,,,,,,,,,,,,,,,,,
Refers to retail stores which sell food & beverages that are generally not meant for immediate consumption within their premises.,,,,,,,,,,,,,,,,,,,,,,,,,,,,,,,,,,,,,,,,,,,,,,,,,,,,,,,,,,,,,,,,,,,,,,,,,,,,,,,,,,,,,,,,,,,,,,,,,,,,,,,,,,,,,,,,,,,,,,,,,,,,,,,,,,,,,,,,,,,,,,,,,,,,,,,,,,,,,,,,,,,,,,,,,,,,,,,,,,,,,,,,,,,,,,,,,,,,,,,,,,,,,,,,,,,,,,,,,,,,,,,,,,,,,,,,,,,,,,,,,,,,,,,,,,,,,,,,,,,,,,,,,,,,,,,,,,,,,,,,,,,,,,,,,,,,,,,,,,,,,,,,,,,,,,,,,,,,,,,,,,,,,,,,,,,,,,,,,,,,,,,,,,,,,,,,,,,,,,,,,,,,,,,,,,,,,,,,,,,,,,,,,,,,,,,,,,,,,,,,,,,,,,,,,,,,,,,,,,,,,,,,,,,,,,,,,,,,,,,,,,,,,,,,,,,,,,,,,,,,,,,,,,,,,,,,,,,,,,,,,,,,,,,,,,,,,
,,,,,,,,,,,,,,,,,,,,,,,,,,,,,,,,,,,,,,,,,,,,,,,,,,,,,,,,,,,,,,,,,,,,,,,,,,,,,,,,,,,,,,,,,,,,,,,,,,,,,,,,,,,,,,,,,,,,,,,,,,,,,,,,,,,,,,,,,,,,,,,,,,,,,,,,,,,,,,,,,,,,,,,,,,,,,,,,,,,,,,,,,,,,,,,,,,,,,,,,,,,,,,,,,,,,,,,,,,,,,,,,,,,,,,,,,,,,,,,,,,,,,,,,,,,,,,,,,,,,,,,,,,,,,,,,,,,,,,,,,,,,,,,,,,,,,,,,,,,,,,,,,,,,,,,,,,,,,,,,,,,,,,,,,,,,,,,,,,,,,,,,,,,,,,,,,,,,,,,,,,,,,,,,,,,,,,,,,,,,,,,,,,,,,,,,,,,,,,,,,,,,,,,,,,,,,,,,,,,,,,,,,,,,,,,,,,,,,,,,,,,,,,,,,,,,,,,,,,,,,,,,,,,,,,,,,,,,,,,,,,,,,,,,,,,,,
Retail Sales Index:,,,,,,,,,,,,,,,,,,,,,,,,,,,,,,,,,,,,,,,,,,,,,,,,,,,,,,,,,,,,,,,,,,,,,,,,,,,,,,,,,,,,,,,,,,,,,,,,,,,,,,,,,,,,,,,,,,,,,,,,,,,,,,,,,,,,,,,,,,,,,,,,,,,,,,,,,,,,,,,,,,,,,,,,,,,,,,,,,,,,,,,,,,,,,,,,,,,,,,,,,,,,,,,,,,,,,,,,,,,,,,,,,,,,,,,,,,,,,,,,,,,,,,,,,,,,,,,,,,,,,,,,,,,,,,,,,,,,,,,,,,,,,,,,,,,,,,,,,,,,,,,,,,,,,,,,,,,,,,,,,,,,,,,,,,,,,,,,,,,,,,,,,,,,,,,,,,,,,,,,,,,,,,,,,,,,,,,,,,,,,,,,,,,,,,,,,,,,,,,,,,,,,,,,,,,,,,,,,,,,,,,,,,,,,,,,,,,,,,,,,,,,,,,,,,,,,,,,,,,,,,,,,,,,,,,,,,,,,,,,,,,,,,,,,,,,,
"The Retail Sales Index (RSI) measures the short-term performance of the Retail Trade industry based on the sales records of Retail Trade establishments. The base year for the indices is 2025. The RSI is available at current prices and in chained volume terms. The indices at current prices measure the change in sales values which can result from changes in both price and quantity, while the indices in chained volume terms measure the change in the volume of economic activity by removing the price effect.",,,,,,,,,,,,,,,,,,,,,,,,,,,,,,,,,,,,,,,,,,,,,,,,,,,,,,,,,,,,,,,,,,,,,,,,,,,,,,,,,,,,,,,,,,,,,,,,,,,,,,,,,,,,,,,,,,,,,,,,,,,,,,,,,,,,,,,,,,,,,,,,,,,,,,,,,,,,,,,,,,,,,,,,,,,,,,,,,,,,,,,,,,,,,,,,,,,,,,,,,,,,,,,,,,,,,,,,,,,,,,,,,,,,,,,,,,,,,,,,,,,,,,,,,,,,,,,,,,,,,,,,,,,,,,,,,,,,,,,,,,,,,,,,,,,,,,,,,,,,,,,,,,,,,,,,,,,,,,,,,,,,,,,,,,,,,,,,,,,,,,,,,,,,,,,,,,,,,,,,,,,,,,,,,,,,,,,,,,,,,,,,,,,,,,,,,,,,,,,,,,,,,,,,,,,,,,,,,,,,,,,,,,,,,,,,,,,,,,,,,,,,,,,,,,,,,,,,,,,,,,,,,,,,,,,,,,,,,,,,,,,,,,,,,,,,,
,,,,,,,,,,,,,,,,,,,,,,,,,,,,,,,,,,,,,,,,,,,,,,,,,,,,,,,,,,,,,,,,,,,,,,,,,,,,,,,,,,,,,,,,,,,,,,,,,,,,,,,,,,,,,,,,,,,,,,,,,,,,,,,,,,,,,,,,,,,,,,,,,,,,,,,,,,,,,,,,,,,,,,,,,,,,,,,,,,,,,,,,,,,,,,,,,,,,,,,,,,,,,,,,,,,,,,,,,,,,,,,,,,,,,,,,,,,,,,,,,,,,,,,,,,,,,,,,,,,,,,,,,,,,,,,,,,,,,,,,,,,,,,,,,,,,,,,,,,,,,,,,,,,,,,,,,,,,,,,,,,,,,,,,,,,,,,,,,,,,,,,,,,,,,,,,,,,,,,,,,,,,,,,,,,,,,,,,,,,,,,,,,,,,,,,,,,,,,,,,,,,,,,,,,,,,,,,,,,,,,,,,,,,,,,,,,,,,,,,,,,,,,,,,,,,,,,,,,,,,,,,,,,,,,,,,,,,,,,,,,,,,,,,,,,,,,
Notation:,,,,,,,,,,,,,,,,,,,,,,,,,,,,,,,,,,,,,,,,,,,,,,,,,,,,,,,,,,,,,,,,,,,,,,,,,,,,,,,,,,,,,,,,,,,,,,,,,,,,,,,,,,,,,,,,,,,,,,,,,,,,,,,,,,,,,,,,,,,,,,,,,,,,,,,,,,,,,,,,,,,,,,,,,,,,,,,,,,,,,,,,,,,,,,,,,,,,,,,,,,,,,,,,,,,,,,,,,,,,,,,,,,,,,,,,,,,,,,,,,,,,,,,,,,,,,,,,,,,,,,,,,,,,,,,,,,,,,,,,,,,,,,,,,,,,,,,,,,,,,,,,,,,,,,,,,,,,,,,,,,,,,,,,,,,,,,,,,,,,,,,,,,,,,,,,,,,,,,,,,,,,,,,,,,,,,,,,,,,,,,,,,,,,,,,,,,,,,,,,,,,,,,,,,,,,,,,,,,,,,,,,,,,,,,,,,,,,,,,,,,,,,,,,,,,,,,,,,,,,,,,,,,,,,,,,,,,,,,,,,,,,,,,,,,,,,
na   not available or not applicable,,,,,,,,,,,,,,,,,,,,,,,,,,,,,,,,,,,,,,,,,,,,,,,,,,,,,,,,,,,,,,,,,,,,,,,,,,,,,,,,,,,,,,,,,,,,,,,,,,,,,,,,,,,,,,,,,,,,,,,,,,,,,,,,,,,,,,,,,,,,,,,,,,,,,,,,,,,,,,,,,,,,,,,,,,,,,,,,,,,,,,,,,,,,,,,,,,,,,,,,,,,,,,,,,,,,,,,,,,,,,,,,,,,,,,,,,,,,,,,,,,,,,,,,,,,,,,,,,,,,,,,,,,,,,,,,,,,,,,,,,,,,,,,,,,,,,,,,,,,,,,,,,,,,,,,,,,,,,,,,,,,,,,,,,,,,,,,,,,,,,,,,,,,,,,,,,,,,,,,,,,,,,,,,,,,,,,,,,,,,,,,,,,,,,,,,,,,,,,,,,,,,,,,,,,,,,,,,,,,,,,,,,,,,,,,,,,,,,,,,,,,,,,,,,,,,,,,,,,,,,,,,,,,,,,,,,,,,,,,,,,,,,,,,,,,,,
nec  not elsewhere classified,,,,,,,,,,,,,,,,,,,,,,,,,,,,,,,,,,,,,,,,,,,,,,,,,,,,,,,,,,,,,,,,,,,,,,,,,,,,,,,,,,,,,,,,,,,,,,,,,,,,,,,,,,,,,,,,,,,,,,,,,,,,,,,,,,,,,,,,,,,,,,,,,,,,,,,,,,,,,,,,,,,,,,,,,,,,,,,,,,,,,,,,,,,,,,,,,,,,,,,,,,,,,,,,,,,,,,,,,,,,,,,,,,,,,,,,,,,,,,,,,,,,,,,,,,,,,,,,,,,,,,,,,,,,,,,,,,,,,,,,,,,,,,,,,,,,,,,,,,,,,,,,,,,,,,,,,,,,,,,,,,,,,,,,,,,,,,,,,,,,,,,,,,,,,,,,,,,,,,,,,,,,,,,,,,,,,,,,,,,,,,,,,,,,,,,,,,,,,,,,,,,,,,,,,,,,,,,,,,,,,,,,,,,,,,,,,,,,,,,,,,,,,,,,,,,,,,,,,,,,,,,,,,,,,,,,,,,,,,,,,,,,,,,,,,,,,
nes  not elsewhere specified,,,,,,,,,,,,,,,,,,,,,,,,,,,,,,,,,,,,,,,,,,,,,,,,,,,,,,,,,,,,,,,,,,,,,,,,,,,,,,,,,,,,,,,,,,,,,,,,,,,,,,,,,,,,,,,,,,,,,,,,,,,,,,,,,,,,,,,,,,,,,,,,,,,,,,,,,,,,,,,,,,,,,,,,,,,,,,,,,,,,,,,,,,,,,,,,,,,,,,,,,,,,,,,,,,,,,,,,,,,,,,,,,,,,,,,,,,,,,,,,,,,,,,,,,,,,,,,,,,,,,,,,,,,,,,,,,,,,,,,,,,,,,,,,,,,,,,,,,,,,,,,,,,,,,,,,,,,,,,,,,,,,,,,,,,,,,,,,,,,,,,,,,,,,,,,,,,,,,,,,,,,,,,,,,,,,,,,,,,,,,,,,,,,,,,,,,,,,,,,,,,,,,,,,,,,,,,,,,,,,,,,,,,,,,,,,,,,,,,,,,,,,,,,,,,,,,,,,,,,,,,,,,,,,,,,,,,,,,,,,,,,,,,,,,,,,,
 -     nil or negligible or not significant,,,,,,,,,,,,,,,,,,,,,,,,,,,,,,,,,,,,,,,,,,,,,,,,,,,,,,,,,,,,,,,,,,,,,,,,,,,,,,,,,,,,,,,,,,,,,,,,,,,,,,,,,,,,,,,,,,,,,,,,,,,,,,,,,,,,,,,,,,,,,,,,,,,,,,,,,,,,,,,,,,,,,,,,,,,,,,,,,,,,,,,,,,,,,,,,,,,,,,,,,,,,,,,,,,,,,,,,,,,,,,,,,,,,,,,,,,,,,,,,,,,,,,,,,,,,,,,,,,,,,,,,,,,,,,,,,,,,,,,,,,,,,,,,,,,,,,,,,,,,,,,,,,,,,,,,,,,,,,,,,,,,,,,,,,,,,,,,,,,,,,,,,,,,,,,,,,,,,,,,,,,,,,,,,,,,,,,,,,,,,,,,,,,,,,,,,,,,,,,,,,,,,,,,,,,,,,,,,,,,,,,,,,,,,,,,,,,,,,,,,,,,,,,,,,,,,,,,,,,,,,,,,,,,,,,,,,,,,,,,,,,,,,,,,,,,,
Notes,,,,,,,,,,,,,,,,,,,,,,,,,,,,,,,,,,,,,,,,,,,,,,,,,,,,,,,,,,,,,,,,,,,,,,,,,,,,,,,,,,,,,,,,,,,,,,,,,,,,,,,,,,,,,,,,,,,,,,,,,,,,,,,,,,,,,,,,,,,,,,,,,,,,,,,,,,,,,,,,,,,,,,,,,,,,,,,,,,,,,,,,,,,,,,,,,,,,,,,,,,,,,,,,,,,,,,,,,,,,,,,,,,,,,,,,,,,,,,,,,,,,,,,,,,,,,,,,,,,,,,,,,,,,,,,,,,,,,,,,,,,,,,,,,,,,,,,,,,,,,,,,,,,,,,,,,,,,,,,,,,,,,,,,,,,,,,,,,,,,,,,,,,,,,,,,,,,,,,,,,,,,,,,,,,,,,,,,,,,,,,,,,,,,,,,,,,,,,,,,,,,,,,,,,,,,,,,,,,,,,,,,,,,,,,,,,,,,,,,,,,,,,,,,,,,,,,,,,,,,,,,,,,,,,,,,,,,,,,,,,,,,,,,,,,,,,
Numbers may not add up to the totals due to rounding.,,,,,,,,,,,,,,,,,,,,,,,,,,,,,,,,,,,,,,,,,,,,,,,,,,,,,,,,,,,,,,,,,,,,,,,,,,,,,,,,,,,,,,,,,,,,,,,,,,,,,,,,,,,,,,,,,,,,,,,,,,,,,,,,,,,,,,,,,,,,,,,,,,,,,,,,,,,,,,,,,,,,,,,,,,,,,,,,,,,,,,,,,,,,,,,,,,,,,,,,,,,,,,,,,,,,,,,,,,,,,,,,,,,,,,,,,,,,,,,,,,,,,,,,,,,,,,,,,,,,,,,,,,,,,,,,,,,,,,,,,,,,,,,,,,,,,,,,,,,,,,,,,,,,,,,,,,,,,,,,,,,,,,,,,,,,,,,,,,,,,,,,,,,,,,,,,,,,,,,,,,,,,,,,,,,,,,,,,,,,,,,,,,,,,,,,,,,,,,,,,,,,,,,,,,,,,,,,,,,,,,,,,,,,,,,,,,,,,,,,,,,,,,,,,,,,,,,,,,,,,,,,,,,,,,,,,,,,,,,,,,,,,,,,,,,,,
"Data are the latest available at the time of access or download. Some statistics, particularly those for the most recent time periods, are provisional and may be subject to revision at a later date.",,,,,,,,,,,,,,,,,,,,,,,,,,,,,,,,,,,,,,,,,,,,,,,,,,,,,,,,,,,,,,,,,,,,,,,,,,,,,,,,,,,,,,,,,,,,,,,,,,,,,,,,,,,,,,,,,,,,,,,,,,,,,,,,,,,,,,,,,,,,,,,,,,,,,,,,,,,,,,,,,,,,,,,,,,,,,,,,,,,,,,,,,,,,,,,,,,,,,,,,,,,,,,,,,,,,,,,,,,,,,,,,,,,,,,,,,,,,,,,,,,,,,,,,,,,,,,,,,,,,,,,,,,,,,,,,,,,,,,,,,,,,,,,,,,,,,,,,,,,,,,,,,,,,,,,,,,,,,,,,,,,,,,,,,,,,,,,,,,,,,,,,,,,,,,,,,,,,,,,,,,,,,,,,,,,,,,,,,,,,,,,,,,,,,,,,,,,,,,,,,,,,,,,,,,,,,,,,,,,,,,,,,,,,,,,,,,,,,,,,,,,,,,,,,,,,,,,,,,,,,,,,,,,,,,,,,,,,,,,,,,,,,,,,,,,,,
Values are shown in Singapore dollars (unless otherwise specified).,,,,,,,,,,,,,,,,,,,,,,,,,,,,,,,,,,,,,,,,,,,,,,,,,,,,,,,,,,,,,,,,,,,,,,,,,,,,,,,,,,,,,,,,,,,,,,,,,,,,,,,,,,,,,,,,,,,,,,,,,,,,,,,,,,,,,,,,,,,,,,,,,,,,,,,,,,,,,,,,,,,,,,,,,,,,,,,,,,,,,,,,,,,,,,,,,,,,,,,,,,,,,,,,,,,,,,,,,,,,,,,,,,,,,,,,,,,,,,,,,,,,,,,,,,,,,,,,,,,,,,,,,,,,,,,,,,,,,,,,,,,,,,,,,,,,,,,,,,,,,,,,,,,,,,,,,,,,,,,,,,,,,,,,,,,,,,,,,,,,,,,,,,,,,,,,,,,,,,,,,,,,,,,,,,,,,,,,,,,,,,,,,,,,,,,,,,,,,,,,,,,,,,,,,,,,,,,,,,,,,,,,,,,,,,,,,,,,,,,,,,,,,,,,,,,,,,,,,,,,,,,,,,,,,,,,,,,,,,,,,,,,,,,,,,,,,
,,,,,,,,,,,,,,,,,,,,,,,,,,,,,,,,,,,,,,,,,,,,,,,,,,,,,,,,,,,,,,,,,,,,,,,,,,,,,,,,,,,,,,,,,,,,,,,,,,,,,,,,,,,,,,,,,,,,,,,,,,,,,,,,,,,,,,,,,,,,,,,,,,,,,,,,,,,,,,,,,,,,,,,,,,,,,,,,,,,,,,,,,,,,,,,,,,,,,,,,,,,,,,,,,,,,,,,,,,,,,,,,,,,,,,,,,,,,,,,,,,,,,,,,,,,,,,,,,,,,,,,,,,,,,,,,,,,,,,,,,,,,,,,,,,,,,,,,,,,,,,,,,,,,,,,,,,,,,,,,,,,,,,,,,,,,,,,,,,,,,,,,,,,,,,,,,,,,,,,,,,,,,,,,,,,,,,,,,,,,,,,,,,,,,,,,,,,,,,,,,,,,,,,,,,,,,,,,,,,,,,,,,,,,,,,,,,,,,,,,,,,,,,,,,,,,,,,,,,,,,,,,,,,,,,,,,,,,,,,,,,,,,,,,,,,,,
Generated by: SingStat Table Builder,,,,,,,,,,,,,,,,,,,,,,,,,,,,,,,,,,,,,,,,,,,,,,,,,,,,,,,,,,,,,,,,,,,,,,,,,,,,,,,,,,,,,,,,,,,,,,,,,,,,,,,,,,,,,,,,,,,,,,,,,,,,,,,,,,,,,,,,,,,,,,,,,,,,,,,,,,,,,,,,,,,,,,,,,,,,,,,,,,,,,,,,,,,,,,,,,,,,,,,,,,,,,,,,,,,,,,,,,,,,,,,,,,,,,,,,,,,,,,,,,,,,,,,,,,,,,,,,,,,,,,,,,,,,,,,,,,,,,,,,,,,,,,,,,,,,,,,,,,,,,,,,,,,,,,,,,,,,,,,,,,,,,,,,,,,,,,,,,,,,,,,,,,,,,,,,,,,,,,,,,,,,,,,,,,,,,,,,,,,,,,,,,,,,,,,,,,,,,,,,,,,,,,,,,,,,,,,,,,,,,,,,,,,,,,,,,,,,,,,,,,,,,,,,,,,,,,,,,,,,,,,,,,,,,,,,,,,,,,,,,,,,,,,,,,,,,
Date generated: 23/03/2026,,,,,,,,,,,,,,,,,,,,,,,,,,,,,,,,,,,,,,,,,,,,,,,,,,,,,,,,,,,,,,,,,,,,,,,,,,,,,,,,,,,,,,,,,,,,,,,,,,,,,,,,,,,,,,,,,,,,,,,,,,,,,,,,,,,,,,,,,,,,,,,,,,,,,,,,,,,,,,,,,,,,,,,,,,,,,,,,,,,,,,,,,,,,,,,,,,,,,,,,,,,,,,,,,,,,,,,,,,,,,,,,,,,,,,,,,,,,,,,,,,,,,,,,,,,,,,,,,,,,,,,,,,,,,,,,,,,,,,,,,,,,,,,,,,,,,,,,,,,,,,,,,,,,,,,,,,,,,,,,,,,,,,,,,,,,,,,,,,,,,,,,,,,,,,,,,,,,,,,,,,,,,,,,,,,,,,,,,,,,,,,,,,,,,,,,,,,,,,,,,,,,,,,,,,,,,,,,,,,,,,,,,,,,,,,,,,,,,,,,,,,,,,,,,,,,,,,,,,,,,,,,,,,,,,,,,,,,,,,,,,,,,,,,,,,,,
Contact: info@singstat.gov.sg,,,,,,,,,,,,,,,,,,,,,,,,,,,,,,,,,,,,,,,,,,,,,,,,,,,,,,,,,,,,,,,,,,,,,,,,,,,,,,,,,,,,,,,,,,,,,,,,,,,,,,,,,,,,,,,,,,,,,,,,,,,,,,,,,,,,,,,,,,,,,,,,,,,,,,,,,,,,,,,,,,,,,,,,,,,,,,,,,,,,,,,,,,,,,,,,,,,,,,,,,,,,,,,,,,,,,,,,,,,,,,,,,,,,,,,,,,,,,,,,,,,,,,,,,,,,,,,,,,,,,,,,,,,,,,,,,,,,,,,,,,,,,,,,,,,,,,,,,,,,,,,,,,,,,,,,,,,,,,,,,,,,,,,,,,,,,,,,,,,,,,,,,,,,,,,,,,,,,,,,,,,,,,,,,,,,,,,,,,,,,,,,,,,,,,,,,,,,,,,,,,,,,,,,,,,,,,,,,,,,,,,,,,,,,,,,,,,,,,,,,,,,,,,,,,,,,,,,,,,,,,,,,,,,,,,,,,,,,,,,,,,,,,,,,,,,,